Age (ka),Mass Flux (g/cm2kyr)
0.015,1.971343804
0.022692308,1.968739019
0.025,1.958884877
0.03,1.930354084
0.04,1.925021245
0.053,1.919395211
0.113526,1.91982594
0.138,1.937184259
0.175,1.919378465
0.187,1.9329132
0.212,1.945683524
0.26,1.960100178
0.2735,1.9318235
0.2781,1.932442014
0.285,1.944148405
0.29,1.935190487
0.3284,1.948696836
0.33,1.9302964
0.368285714,1.914902124
0.37204,1.920470661
0.387,1.92983718
0.399615385,1.932575726
0.4,1.936617587
0.43,1.923990325
0.433,1.934413861
0.46,1.978406197
0.46,2.020435175
0.46685,2.003962309
0.48,2.009716577
0.48,2.019434839
0.48,2.028823668
0.489,2.034415799
0.4995,2.031245199
0.5,2.061375219
0.5,2.041033338
0.5,2.025324974
0.5,2.00866079
0.5,1.999285247
0.5,1.985273328
0.5,1.972685975
0.5,1.96015381
0.5,1.954521795
0.5,1.944904154
0.5,1.923782467
0.5,1.908319301
0.5,1.890230892
0.5,1.86961013
0.5,1.850837
0.5,1.830216943
0.5,1.810273171
0.5,1.791825507
0.5,1.77303863
0.5,1.75171398
0.5,1.736832797
0.5,1.722845701
0.5,1.71622217
0.5,1.711131145
0.5,1.699642891
0.5,1.687022436
0.5,1.68084823
0.5,1.677547119
0.5,1.67369647
0.5,1.66942215
0.5,1.672672943
0.5,1.663681312
0.5,1.655337163
0.5,1.654187619
0.5,1.6491699
0.5,1.638083895
0.5,1.631475557
0.5,1.625092819
0.5,1.619041148
0.5,1.621472404
0.5,1.61464215
0.5,1.606658697
0.5,1.602147604
0.5,2.727314124
0.5,2.711762513
0.5,2.690952534
0.5,2.669264498
0.5,2.649751729
0.5,2.629411873
0.5,2.608599299
0.5,2.59409058
0.5,2.573726558
0.5,2.575737111
0.5,2.591808873
0.5,2.590232369
0.5,2.578943571
0.5,2.580922135
0.5,2.561894846
0.5,2.557778333
0.5,2.539034848
0.5,2.520827989
0.5,2.554045946
0.5,2.597584231
0.5,2.601112683
0.5,2.611528467
0.5,2.615859913
0.5,2.611937797
0.5,2.599000911
0.5,2.595119561
0.5,2.586063968
0.5,2.570019678
0.5,2.563646635
0.5,2.546190121
0.5,2.528014312
0.5,2.511235551
0.5,2.501221143
0.5,2.494355752
0.5,2.495815258
0.5,2.506682653
0.5,2.516280819
0.5,2.514422023
0.5,2.548386693
0.5,2.537736063
0.5,2.525509099
0.5,2.515476167
0.5,2.509693631
0.5,2.494195489
0.5,2.482552469
0.5,2.471225748
0.5,2.460383789
0.5,2.453515514
0.5,2.4473467
0.5,2.439656674
0.5,2.426975621
0.5,2.422573213
0.5,2.41570351
0.5,2.40309274
0.5,2.427382464
0.5,2.417352434
0.5,2.407456333
0.5,2.395635033
0.5,2.392423492
0.5,2.382860743
0.5,2.377780863
0.5,2.373738003
0.5,2.362080991
0.5,2.358183165
0.5,2.345701756
0.5,2.334845647
0.5,2.32602851
0.5,2.313961381
0.504,2.310071913
0.51,2.303012667
0.52,2.300158769
0.527,2.300707238
0.55948,2.303234654
0.58,2.299285321
0.59,2.305066371
0.64,2.303786553
0.643,2.303402856
0.66,2.311784359
0.69,2.312444582
0.7183,2.31834538
0.737,2.319937147
0.739,2.320703108
0.783,2.326696698
0.79308,2.315262017
0.81,2.32377916
0.853,2.323161209
0.88,2.321601754
0.89353,2.335588846
0.9,2.339581358
0.9,2.334940726
0.918181818,2.326193385
0.927,2.335535912
0.97706,2.32537066
0.999,2.339642628
1,2.340592462
1.015,2.33941467
1.016,2.336788227
1.029,2.339216937
1.031,2.34638419
1.0409,2.344549011
1.06059,2.349698622
1.06372,2.348796462
1.07,2.359323651
1.085,2.354769961
1.1081,2.354441413
1.11325,2.353033425
1.13,2.355112681
1.13463,2.350629472
1.14,2.342184695
1.141,2.345617036
1.141558442,2.343307083
1.14412,2.345667564
1.153461538,2.343506318
1.166666667,2.332263733
1.166666667,2.32091273
1.205,2.330292599
1.21,2.324851421
1.21,2.334662012
1.225,2.333971936
1.245,2.333861383
1.26,2.328497331
1.262,2.328659365
1.289017341,2.334689455
1.29456,2.344149141
1.32,2.337478064
1.34,2.339011896
1.34827,2.339120405
1.36,2.338834804
1.36,2.333012158
1.39,2.337909909
1.390625,2.332898683
1.3935,2.340039462
1.3935,2.346925429
1.412,2.349759572
1.419,2.351406231
1.45,2.354655666
1.475,2.341152608
1.498,2.338466665
1.5,2.199664101
1.5,2.188949141
1.5,2.196508053
1.5,2.201027409
1.525,2.231199609
1.53081,2.231512698
1.57,2.222084029
1.58,2.217863823
1.58425,2.204744781
1.598,2.210342971
1.625,2.208656331
1.627,2.189480523
1.67675,2.14605326
1.69469,2.143791396
1.7,2.142422595
1.71,2.135016176
1.7323,2.12810215
1.75,2.113291848
1.771,2.114456054
1.78,2.10980626
1.787,2.108200453
1.8,2.126561102
1.81,2.096098278
1.81,2.083790595
1.82534,2.066476862
1.835,2.06457065
1.84,2.054888517
1.84741784,2.041211472
1.848,2.045669347
1.9,2.038168599
1.905,2.036949388
1.907307692,2.039230798
1.93,2.009511595
1.952,2.014236598
1.971,2.023829487
1.98,2.01438282
1.99,2.012026306
1.9979,2.015321174
2,2.002020269
2.01844,1.997813554
2.051,2.008708198
2.05315,2.023941918
2.0776,1.971753022
2.08,1.98668117
2.08425,1.99633364
2.09,2.000183852
2.1,1.996082265
2.12,1.980109424
2.123,1.960228779
2.1308,1.941249962
2.133,1.944505125
2.15,1.944456211
2.16,1.940859864
2.16,1.921191916
2.2,1.955217175
2.2,1.942229456
2.26,1.895610123
2.29,1.884519469
2.3,1.863421676
2.3,1.881242318
2.311,1.884929924
2.318931818,1.879376512
2.326,1.892183663
2.345,1.882103548
2.365,1.880882695
2.39,1.873876656
2.39,1.87110217
2.40275,1.820275264
2.40755,1.805080032
2.424,1.792587118
2.43,1.788339808
2.44,1.77862861
2.446,1.783846545
2.452,1.787898342
2.455,1.790735877
2.46383,1.799578964
2.46499,1.803258691
2.47,1.7990117
2.48,1.816879478
2.48,1.843337756
2.5,1.811093773
2.53,1.79665246
2.5355,1.780903178
2.556,1.785354574
2.56042,1.771154347
2.57557,1.751669823
2.585,1.770935844
2.6,1.758955275
2.62,1.751626727
2.642,1.771939901
2.65,1.789672471
2.65957,1.779208609
2.661153846,1.780025062
2.66594,1.783626064
2.75575,1.805619019
2.756,1.834815699
2.765,1.838907093
2.765,1.840419304
2.78,1.842580189
2.7885,1.838431835
2.8,1.830254774
2.809090909,1.836561203
2.81,1.856337439
2.822,1.860725128
2.864,1.890927882
2.867,1.89950263
2.874,1.87989719
2.88,1.870042928
2.88,1.87008282
2.92,1.852854798
2.93,1.863165045
2.93208,1.868193852
2.94,1.862997179
2.946,1.86745126
2.9515,1.856923821
2.96,1.847384616
2.96055,1.849653618
2.9608,1.863564816
2.984,1.835627558
3,1.846201483
3,1.844255403
3,1.826680165
3.02814,1.807719908
3.05,1.808224594
3.053,1.813841071
3.061,1.7821474
3.07,1.773582423
3.08,1.760395241
3.086,1.757572235
3.0925,1.754605414
3.127,1.784902846
3.13,1.777735342
3.14,1.786968444
3.153,1.762181699
3.16,1.7900542
3.18,1.791188553
3.18383,1.777354283
3.185,1.779858186
3.18767,1.799335764
3.22125,1.8091008
3.231,1.818049521
3.29725,1.829429458
3.3,1.812674623
3.3,1.808893706
3.305957447,1.802440113
3.308,1.808822481
3.318181818,1.790572253
3.33,1.795488694
3.3355,1.793446418
3.35,1.808938297
3.3752,1.829488444
3.39,1.833569175
3.39356,1.816754768
3.39917,1.82016403
3.413479734,1.829042903
3.415,1.829596693
3.42,1.82039673
3.42767,1.824198463
3.42767,1.832364458
3.43,1.829904054
3.43519,1.866938374
3.44408,1.863055431
3.44655,1.852636869
3.45,1.848651849
3.48071,1.769567744
3.4817,1.765968333
3.489,1.771320268
3.51,1.773114577
3.5175,1.769901654
3.518,1.775471941
3.562625,1.804176572
3.56858,1.804846897
3.57,1.803521544
3.57033,1.818469797
3.601156069,1.818961268
3.621,1.830197649
3.673,1.814023231
3.708,1.810269094
3.71125,1.81297165
3.73,1.829298682
3.73,1.834422364
3.74,1.828576655
3.7896,1.808224432
3.79,1.799912236
3.79875,1.790013697
3.81,1.776706076
3.82,1.775799138
3.822,1.774983232
3.84,1.766689312
3.852,1.76841628
3.8585,1.760645682
3.86626,1.760882814
3.884,1.779664405
3.903,1.78049581
3.906976744,1.775145983
3.9086,1.773381445
3.91311,1.75782506
3.92,1.746755084
3.925,1.741623699
3.9296875,1.736057429
3.93,1.740393358
3.93,1.762037387
3.93329,1.741632451
3.94475,1.748852886
3.96011,1.740837335
3.97,1.728898422
3.989,1.730918502
4.007,1.735462033
4.03975,1.745562482
4.04,1.744919047
4.041,1.741842402
4.05,1.768790393
4.05,1.796349342
4.058,1.782182352
4.1,1.836366446
4.1,1.909117323
4.116272727,1.907231749
4.1185,1.931458568
4.146,1.923696495
4.146,1.9099227
4.18,1.909681739
4.181629846,1.897747726
4.2,1.892656451
4.204,1.91006616
4.22,1.903670041
4.223,1.913602881
4.25,1.891951532
4.2685,1.895281818
4.2765,1.899657283
4.28,1.888180976
4.29,1.91864119
4.3,1.924392952
4.32892,2.003288109
4.32915625,2.004781919
4.33335,2.006922796
4.349,1.997157838
4.349,1.988814813
4.36,1.979172338
4.36575,1.987040902
4.371,1.991659403
4.378,1.973491326
4.38586,1.956517389
4.3915,1.968348781
4.439,1.966361449
4.449,1.982313171
4.45,1.978933913
4.45,1.970164116
4.452,1.968789324
4.46,1.968753668
4.47,1.969430869
4.497,1.99233025
4.5,1.986655776
4.501,1.987574756
4.502,1.984943034
4.54,1.983255978
4.563,1.979211279
4.576,1.963396097
4.59,1.957466586
4.59,1.95314628
4.59225,1.952897403
4.6184,1.971376803
4.625,1.971404854
4.634,1.95632683
4.6395,1.948430911
4.6475,1.931968678
4.6485,1.914496672
4.65152,1.913343105
4.66,1.914505135
4.686,1.913970569
4.696,1.914273044
4.7,1.908090622
4.7,1.895965815
4.7247,1.895398688
4.73639,1.863101851
4.76,1.863712173
4.76,1.866560139
4.78,1.864905268
4.7835,1.849892152
4.80045,1.867721039
4.817545455,1.883800025
4.82,1.91020501
4.83783,1.956316014
4.83843,1.941411638
4.8545,1.946835774
4.872,1.953733929
4.89275,1.953979233
4.8968,1.95307899
4.916,1.982891981
4.917,1.96734205
4.935294118,1.991685427
4.9461,1.981467847
4.94675,1.971524751
4.949562769,1.959156707
4.9968,1.983311229
4.997,1.980129865
5,1.974539057
5.011,1.964889399
5.03,1.952219085
5.03399,1.968705013
5.047,1.974387879
5.07,1.920740677
5.08751,1.98351705
5.092,1.981718968
5.11114,1.876052917
5.11745,1.880749993
5.138,1.841779534
5.168181818,1.865189014
5.189,1.88771302
5.23975,1.878414218
5.24,1.898194108
5.24958,1.887547151
5.26754,1.918447671
5.28,1.913467192
5.291,1.863851529
5.308,1.860753856
5.30938,1.844578699
5.35,1.787026743
5.35,1.778544932
5.35533,1.800187252
5.38,1.805731378
5.38,1.807547479
5.389,1.821672123
5.39,1.812392221
5.4,1.802565641
5.41539,1.885900427
5.45437,1.92846951
5.46,1.920145945
5.46,1.915240594
5.48462,1.909674211
5.486,1.90890025
5.5,1.894775855
5.5295,1.877794186
5.54,1.863112457
5.55,1.857503438
5.553881818,1.855381067
5.557,1.852949232
5.5635,1.853719394
5.56619,1.83831037
5.573,1.831823164
5.5845,1.849894168
5.61,1.847455746
5.7,1.900991944
5.70425,1.884869878
5.704827797,1.870870079
5.717,1.865659616
5.7239,1.868908607
5.74,1.88654752
5.74357,1.868282008
5.75117,1.905922237
5.775,1.917528793
5.78,1.919414325
5.8,1.937461354
5.8,1.93096187
5.8,1.925747868
5.81,1.882420284
5.8129,1.881396587
5.8461,1.887637818
5.869,1.888448321
5.879,1.886310953
5.88725,1.893595104
5.89,1.924385454
5.912194222,1.91932435
5.9249,1.92623497
5.93,1.926713356
5.9495,1.948926568
5.993,1.958648063
5.99925,1.971108038
6.01228,2.024822451
6.02,2.018221066
6.05,2.020250678
6.0645,2.06839
6.070967742,2.058830873
6.073,2.048464133
6.11,1.961561525
6.12244,1.951578898
6.135,1.941410218
6.14,1.949491451
6.15,1.945192959
6.15796,2.052645636
6.16,2.047520328
6.19614,2.032191914
6.211,2.04407295
6.21739,2.031950497
6.23255814,2.021898236
6.252486188,2.004445953
6.255154545,1.999859673
6.282,1.990964943
6.29125,1.995080547
6.305,1.989257298
6.313,1.993071979
6.31917,2.020065832
6.32561,2.060108174
6.357,2.05601412
6.38,2.023616787
6.38175,2.027603625
6.405882353,2.034185467
6.414,2.012675996
6.4287,1.906533343
6.429,1.901888676
6.43,1.895733707
6.436882903,1.882385891
6.4915,1.874261119
6.5,1.881470293
6.509,1.877992491
6.5151,1.871623816
6.518,1.882696444
6.5251,1.876532327
6.53,1.883572367
6.5345,1.913742052
6.55,1.938747873
6.551,1.933299067
6.584,1.962458589
6.59,1.935701807
6.6,1.929408539
6.60469,2.025828459
6.64871,2.019958065
6.65,2.013625047
6.6640625,2.002965535
6.6665,1.984816274
6.67869,1.968706102
6.695,2.004565793
6.7,2.011286904
6.785714286,2.016944579
6.787,2.031630616
6.79561,2.066058147
6.813,2.104011443
6.8435,2.10372072
6.865,2.014659503
6.87825,2.004968676
6.89,1.964615166
6.9086,1.952961903
6.909454545,1.94156459
6.91,1.936887479
6.92,1.927174795
6.921363636,1.921492017
6.93,1.920581987
6.94,1.902178704
6.94,1.906923627
6.94,1.920964645
6.96,1.928712217
6.96,1.926360741
6.967619048,1.917713874
6.976,1.90968004
6.983,1.89568025
6.983,1.882892041
6.99788,1.870790857
7.0045,1.907230194
7.006,1.903938709
7.02,1.864301389
7.03425,1.865496902
7.038,1.862220305
7.05,1.87645568
7.05985,1.979493563
7.06388,1.974652838
7.06555,2.073701893
7.07,2.067748028
7.1,2.093933964
7.103,2.088022326
7.13,2.102014032
7.135,2.105840546
7.136996543,2.092677288
7.149,2.085485591
7.156,2.076107256
7.157,2.070290287
7.167,1.978350852
7.17,1.971393283
7.172,1.988424505
7.19,1.983156585
7.199,1.995803823
7.201872727,1.989743971
7.231,1.985431092
7.23494,1.979008238
7.24,1.976526352
7.246090909,1.967770799
7.263,1.973348309
7.272,1.967536615
7.283,1.994807045
7.295,2.003070368
7.32167,1.994392675
7.3275,1.954078385
7.328,1.950397115
7.35696,1.988505583
7.36,1.985188206
7.36527,2.004857697
7.37,1.99316859
7.3781,1.991389871
7.38,1.990959763
7.383,1.981781934
7.391,1.978769156
7.392,1.975094524
7.395,1.962906251
7.396,1.998277765
7.42,2.019157323
7.423,2.008332062
7.4245,1.997025658
7.425,1.996753016
7.4385,2.024699731
7.447,2.010090362
7.466,2.028011509
7.46694,2.018012183
7.482,2.013297657
7.49164,2.035254831
7.494,2.029321466
7.5,2.077523847
7.5,2.140740915
7.51619,2.14237371
7.5495,2.125997968
7.5644,2.127022904
7.56544,2.116390685
7.593548387,2.116794305
7.605,2.043236451
7.605,2.03735783
7.60775,2.027801244
7.61469,2.018246336
7.618,2.041746776
7.63857,2.037466454
7.65,2.053157427
7.6605,2.04748466
7.689,2.079541381
7.697,2.037501157
7.7,2.038449411
7.7,2.028064917
7.713,2.025471739
7.716,2.019981942
7.724,2.00228972
7.729,2.040141289
7.74436,2.062856745
7.756078672,2.060736264
7.77,2.056243402
7.7715,2.05056156
7.793,2.050961363
7.798149467,2.017305283
7.8,2.016103626
7.812658228,2.007914922
7.819,2.021378685
7.82308,2.019358167
7.825,2.016015659
7.827,2.027285785
7.827,2.044448501
7.827,2.046196657
7.827,2.049848405
7.827,2.058682976
7.827,2.060494713
7.827,2.055383147
7.827,2.081441722
7.828571429,2.070421479
7.8292,2.066669635
7.833333333,2.051403171
7.833333333,2.036849789
7.837,2.025402515
7.87073,2.055065583
7.876,2.048763585
7.8825,2.052988354
7.89,2.053361046
7.915,2.06437542
7.938,2.079754577
7.95717,2.074176383
7.97,2.096107606
7.9775,2.089241762
7.99709,2.14203146
8,2.15694109
8,2.147915736
8.028,2.135233371
8.03,2.128579168
8.068,1.94377099
8.069,1.943271965
8.09,1.943104135
8.11,1.945459284
8.12187,2.107032627
8.12345,2.148953684
8.12408,2.179819409
8.128727273,2.173283137
8.13,2.182714326
8.15,2.201580518
8.155,2.202214042
8.169,2.220151833
8.2052,2.228493979
8.2057,2.249451154
8.21,2.251468341
8.245,2.260024828
8.24982,2.374187961
8.263,2.378527284
8.2673,2.371552634
8.29,2.365484574
8.293,2.370158244
8.3,2.366571548
8.3,2.359014065
8.319454545,2.350703592
8.32911,2.403324251
8.35,2.414175138
8.35318,2.413959261
8.35483871,2.397850121
8.3695,2.358947151
8.37618,2.494857909
8.38568,2.570210741
8.4,2.569407394
8.4,2.566602854
8.414936534,2.552586603
8.42,2.542970401
8.44937,2.590247986
8.48983,2.588495346
8.498,2.58312335
8.5,2.476723991
8.50255,2.530878086
8.504,2.524464798
8.50833,2.510804823
8.510181818,2.500399191
8.57,2.544465197
8.617,2.598286392
8.61957,2.566361784
8.62259,2.625825627
8.656551724,2.635053581
8.66,2.685826426
8.692,2.697103121
8.7006,2.738596058
8.7006,2.731290986
8.7006,2.726095581
8.7006,2.719534373
8.700909091,2.708344364
8.71,2.697442891
8.7167,2.749130512
8.73,2.732730347
8.733,2.726710225
8.75,2.74532948
8.7606,2.777594359
8.775,2.796459537
8.793,2.784589021
8.796,2.775829702
8.8045,2.823119468
8.8165,2.829114973
8.82919,2.879216707
8.834,2.954849499
8.839,2.960236458
8.85388,2.980538088
8.86075,2.952116158
8.87,2.946661608
8.87,2.925205728
8.871428571,2.87439944
8.8761,2.873173674
8.87856,2.913279176
8.88,2.89863559
8.88046,2.940357234
8.89875,2.960154886
8.90325,2.992365342
8.92794,3.03717056
8.93,3.011600284
8.947,3.04921637
8.95,3.08796346
8.95,3.074345984
8.95262,3.123210868
8.968,3.134698321
8.97731,3.176910343
8.979411765,3.183016648
8.98,3.159209656
8.983468513,3.137890548
8.987,3.121481804
9.002,3.180508432
9.0323,3.192362147
9.039,3.189551908
9.051,3.175778022
9.05476,3.159498786
9.116129032,3.200882059
9.13,2.96413698
9.13955,2.954707446
9.146,2.944728698
9.15,2.947034753
9.227,3.004801329
9.231501832,2.986315352
9.256833333,2.878662239
9.256833333,2.863629397
9.263,2.852094528
9.292,2.901733024
9.296,2.892561995
9.3,2.918804031
9.303,2.922789497
9.312,2.900264231
9.3238,2.984261478
9.32609,2.970761613
9.341,2.918464326
9.36,2.920277962
9.38,2.772874783
9.383241252,2.759612617
9.3955,2.682701156
9.41,2.672315715
9.43,2.698004218
9.44,2.709636354
9.44,2.716345032
9.484,2.720656212
9.5,2.780753815
9.5012739,2.761746241
9.507,2.744863629
9.523,2.782498089
9.526666667,2.768129316
9.532,2.751094383
9.537,2.744043008
9.55,2.73592391
9.5769,2.739235358
9.578,2.724866437
9.581,2.717271006
9.584810127,2.701091906
9.599963122,2.696018614
9.618,2.707800757
9.63,2.655760784
9.634,2.640824701
9.638,2.634445612
9.6391,2.650032062
9.64,2.648191512
9.642,2.628719456
9.6456,2.68312293
9.646,2.677374298
9.695,2.636095787
9.7,2.631470641
9.7,2.620352773
9.7,2.609340726
9.701,2.62955914
9.703,2.623208183
9.71,2.61303985
9.733,2.590240195
9.74,2.617971245
9.7496,2.621392673
9.75,2.586464783
9.754,2.581361856
9.76,2.570439009
9.765,2.535173432
9.7883,2.602318448
9.8219,2.596950937
9.823,2.589112762
9.857,2.556910945
9.8594,2.546260254
9.863,2.562165718
9.87,2.592901258
9.877419355,2.606812621
9.889,2.510112016
9.917,2.45890237
9.9226,2.452359525
9.9259,2.447011247
9.9261,2.485619755
9.938,2.469175629
9.95,2.401865205
9.956,2.334696209
9.967200726,2.321425976
9.9674,2.395950743
9.971,2.397143732
9.979,2.388692119
9.9817,2.430936234
10,2.448767378
10,2.444168475
10.019,2.372802278
10.02,2.366358775
10.02,2.410463879
10.023,2.404509842
10.0358,2.468420209
10.0358,2.515972047
10.05,2.497073211
10.08,2.507789859
10.1122,2.543236124
10.1283,2.646628872
10.15627778,2.676844079
10.1585,2.664422318
10.159,2.655415004
10.16,2.667147477
10.174,2.695204312
10.186,2.678531025
10.1873,2.662897367
10.189,2.657376963
10.19,2.647203194
10.192,2.627880025
10.198,2.635946906
10.276,2.649833653
10.28,2.637714121
10.287,2.629144236
10.2892,2.698593285
10.297,2.669123479
10.3,2.673438564
10.3125,2.716409729
10.33040293,2.649673735
10.36,2.666607348
10.3735,2.687293353
10.38131837,2.681595197
10.3913,2.713500902
10.396,2.820780655
10.3976,2.832984993
10.406,2.827648319
10.42,2.853166943
10.43,2.853466943
10.437,2.832055541
10.45,2.845591768
10.455,2.828019478
10.46666667,2.817748128
10.467,2.798052254
10.48821363,2.804964488
10.49,2.781821702
10.5,2.766638876
10.5,2.746478527
10.5,2.740895347
10.5,2.742122962
10.50575,2.752588564
10.50829787,2.716309614
10.51,2.70152897
10.51,2.69327617
10.514,2.688639688
10.5209,2.670945607
10.525,2.693568492
10.565,2.713501542
10.575,2.706900666
10.5885,2.76088609
10.5917,2.786323345
10.5949,2.800108244
10.5978,2.822780984
10.5981,2.844255487
10.6,2.851975411
10.6,2.854024501
10.6014,2.867190566
10.6046,2.914494494
10.606,2.902607993
10.6078,2.944640544
10.611,2.986055364
10.623,2.990183878
10.632,2.977556572
10.63870968,2.980897311
10.6485,2.942889791
10.6585,2.93831544
10.65988341,2.931567391
10.666,2.92333482
10.6704,2.933200048
10.6796,2.917465355
10.68,2.923897275
10.68,2.927932044
10.6865,2.925662143
10.693,2.914808966
10.693,2.904113389
10.6959,2.95165456
10.708,2.989002191
10.7123,3.000686542
10.7193,3.051711103
10.731,3.043148838
10.735,3.05056421
10.74,3.036678319
10.742,3.018912398
10.744,3.009516689
10.74481935,2.994313701
10.745,2.985304608
10.747,2.99467125
10.771,3.020980819
10.78,3.009319821
10.7907,2.977661041
10.8,2.982920562
10.82,2.981284996
10.8336,3.126288284
10.8752,3.143600707
10.876,3.126450369
10.9,3.175703449
10.907,3.167728822
10.9311,3.167097749
10.9313,3.187694525
10.9333,3.174669055
10.9496,3.194609193
10.95,3.183169351
10.95714286,3.177522496
10.973,3.144519733
10.976,3.129364198
10.98,3.092100354
10.985,3.068972744
11,3.077571215
11.0273,3.062341138
11.03,3.052233824
11.0385,2.972920557
11.04,2.966359002
11.0427,3.010321876
11.04625,3.004178806
11.05992116,3.004500887
11.083,3.010533013
11.09,3.004731096
11.0964,3.027721919
11.10379747,3.013799235
11.106,3.007804845
11.1234,2.966169197
11.1299,2.897688331
11.1312,2.901766795
11.1562,2.933745178
11.16,2.950124792
11.16,2.94085778
11.1628,2.926052964
11.173,2.919782492
11.19,2.950738614
11.2,2.97352089
11.207,2.964481868
11.21,2.960022608
11.214,2.955074391
11.2195,2.936000224
11.22,2.931176916
11.2287,2.9405773
11.2315,2.928194619
11.239,2.922321409
11.24,2.929625965
11.24,2.936972637
11.255,2.936747003
11.26,2.934977593
11.306,2.914994875
11.3075,2.896954468
11.3157,2.856657054
11.32976808,2.843196096
11.333,2.852134535
11.334,2.838105469
11.366,2.998947235
11.372,2.993314068
11.38,2.979974128
11.382,3.01978321
11.393,3.004315024
11.4,2.914439198
11.4062,2.961150162
11.40902394,2.951908477
11.4118,2.932982218
11.415,2.917420619
11.4385,2.981276433
11.439,2.975972351
11.45,2.955273681
11.453,2.95317544
11.4699,2.980026123
11.4767,2.975094989
11.5,3.032412353
11.505,3.026600967
11.5078,3.04240487
11.508,3.020983953
11.5113,3.042138486
11.523,3.064069637
11.525,3.073271641
11.533,3.073271641
11.5475,3.085282041
11.55833296,3.06907572
11.561,3.060741014
11.569,3.073723089
11.577,3.06618395
11.58,3.061570902
11.6,2.989153676
11.6,2.974851614
11.61,2.890590065
11.61245421,2.837133695
11.6292,2.852689118
11.66,2.920534314
11.66,2.947908685
11.67,2.947700342
11.67,2.939516394
11.6793617,2.918902793
11.686,2.923145172
11.686,2.949542842
11.6867,2.974408522
11.693,2.994847225
11.7,2.955305076
11.7005,2.975384522
11.71,2.995937168
11.7133,3.032870931
11.719,3.036981244
11.738,2.991883695
11.74,2.98334959
11.75,3.015214619
11.75031903,2.99752238
11.75031903,2.979935607
11.757,2.964943408
11.76,2.971107689
11.76608696,2.961825131
11.78,2.961331267
11.78,2.944567752
11.78478629,2.927831031
11.7869,2.936894714
11.817,2.91371486
11.81804754,2.897329667
11.82,2.887903231
11.8381,2.753694713
11.84,2.783615121
11.85,2.777138963
11.85014904,2.762313314
11.87466667,2.749301652
11.879,2.764512037
11.88,2.763396375
11.88113784,2.748861515
11.8925,2.758214514
11.903,2.733577744
11.904,2.73835881
11.91,2.749362458
11.91106175,2.7355094
11.9148,2.771170067
11.928,2.770824335
11.93,2.764960333
11.93996931,2.751312296
11.94,2.75560911
11.9444,2.737033738
11.96403712,2.742208126
11.96790976,2.728469158
11.971,2.731345334
11.982,2.746488637
11.982,2.776700523
11.99,2.795151878
11.99493299,2.781370174
12,2.774958564
12.0118,2.797864081
12.014,2.799850276
12.02108955,2.786221278
12.022,2.796714046
12.0225,2.785478617
12.03,2.833737848
12.03,2.818695822
12.038,2.820395971
12.0433,2.784233214
12.04643058,2.774458337
12.07,2.787262215
12.07100778,2.773980525
12.076,2.770258687
12.081,2.75809055
12.081,2.743317112
12.084,2.743694333
12.0948734,2.734310174
12.1,2.715272968
12.104,2.726365405
12.11,2.716448897
12.11808022,2.703962472
12.12,2.713219883
12.123,2.708406502
12.13,2.735114501
12.14068145,2.71785083
12.141,2.722931118
12.147,2.710940628
12.1522,2.699810157
12.1558,2.751581006
12.16,2.723925655
12.16,2.716485615
12.1615,2.70553609
12.1627308,2.693699422
12.169,2.720456597
12.171,2.72047387
12.186,2.712175255
12.1865,2.702433698
12.20475,2.688584591
12.21,2.699585622
12.21579559,2.690250592
12.22,2.716983169
12.22,2.745788744
12.2286,2.755628996
12.22942857,2.735879365
12.237,2.746055229
12.24,2.739117485
12.242,2.726994745
12.25,2.729420336
12.25,2.722893667
12.26660534,2.709969896
12.26660534,2.698807689
12.2737,2.682252683
12.28,2.685918289
12.2843,2.679768867
12.29,2.685812915
12.292,2.675831346
12.3,2.667350306
12.304,2.670233954
12.304,2.671468107
12.31,2.69504713
12.316,2.724014766
12.31602704,2.713387861
12.31602704,2.702617256
12.32,2.698775245
12.32,2.695112132
12.3329,2.700466571
12.34,2.714167854
12.35,2.703887479
12.35569687,2.70307683
12.362,2.692117237
12.36493655,2.681904379
12.3705,2.596155538
12.372,2.631093149
12.377,2.636706529
12.3783,2.645804096
12.4,2.62285799
12.4005,2.612100638
12.41,2.608464579
12.41421546,2.612109456
12.419,2.641562188
12.42,2.634422883
12.4238,2.622129155
12.43,2.61835836
12.43130435,2.613813917
12.4332,2.624873644
12.4333,2.620014632
12.435,2.61711285
12.438,2.619760824
12.44,2.596821579
12.4449,2.614965581
12.4508,2.636655247
12.4563,2.622748467
12.46474805,2.613521692
12.47,2.620076175
12.4769,2.613036857
12.483,2.604305475
12.483,2.60657587
12.49,2.608213051
12.5,2.607693437
12.5095,2.603268448
12.51,2.593836284
12.5125,2.59430682
12.5125,2.58352293
12.51741825,2.57498539
12.52820513,2.543948127
12.53,2.546801371
12.5548,2.521630207
12.5612,2.522593327
12.57,2.523633911
12.57310652,2.515520075
12.5738,2.536194052
12.58,2.544609846
12.61,2.5468026
12.61,2.548214388
12.616,2.563248417
12.618,2.553672248
12.62,2.544915511
12.62,2.54837695
12.62278481,2.542065266
12.6263,2.556363001
12.63268682,2.539451844
12.63268682,2.531306628
12.64,2.542751842
12.648,2.539125735
12.65,2.540378297
12.659,2.543057105
12.6734,2.558619723
12.675,2.558012771
12.69,2.526078444
12.69702352,2.517507412
12.69815838,2.512827312
12.6988,2.512827312
12.7028,2.518132635
12.7245,2.474595135
12.73,2.47645052
12.734,2.470490056
12.74697158,2.493725078
12.74697158,2.518639992
12.748,2.522732398
12.76,2.536225984
12.76696833,2.531911983
12.77,2.534360372
12.778,2.549705875
12.7786,2.541759424
12.779,2.560667142
12.77965024,2.56072619
12.8,2.57993496
12.807,2.582723939
12.8195,2.596166741
12.822,2.592137719
12.8317,2.610211221
12.8358,2.596581503
12.8362,2.585904159
12.84335726,2.565146042
12.85042553,2.57098235
12.854,2.570458094
12.856,2.576086086
12.86363636,2.566853802
12.867,2.559412189
12.87,2.550074759
12.873,2.540600551
12.9033,2.561146978
12.91,2.545440464
12.9182,2.528922578
12.919,2.525526987
12.92,2.528699141
12.92700753,2.521481141
12.93,2.517584548
12.93666667,2.510284291
12.938,2.511453574
12.959,2.547529146
12.9606,2.563306906
12.9637,2.552843648
12.97,2.567972723
13.004,2.558595726
13.0127,2.544947611
13.01871449,2.53451054
13.023,2.540044949
13.0237,2.537439808
13.0364,2.51516626
13.0365,2.518438713
13.086,2.553008992
13.0895,2.575078718
13.094,2.578360337
13.107,2.58139706
13.10873899,2.614200659
13.11,2.62642163
13.114,2.618172257
13.117,2.620482861
13.11924857,2.622002046
13.12412993,2.610817539
13.13,2.593205719
13.138,2.595312845
13.1984,2.596564134
13.19875,2.600354415
13.2,2.591428122
13.201,2.625229026
13.2059,2.631865308
13.2184,2.658500633
13.22,2.616428717
13.22935222,2.598034763
13.2477,2.634151985
13.26,2.628686798
13.2897,2.65797882
13.305,2.661703275
13.319,2.659674433
13.338,2.738431359
13.346,2.738713472
13.3473,2.760047825
13.34973681,2.749585309
13.35,2.76476267
13.36,2.76479734
13.3875,2.692767101
13.396,2.687841355
13.399,2.69296007
13.41,2.687789063
13.432,2.765828618
13.4332,2.734818301
13.44395604,2.729324835
13.444,2.728385143
13.47050641,2.747865664
13.4763,2.77159304
13.48,2.80466915
13.48,2.824788922
13.4810796,2.812703775
13.4821,2.817512876
13.4875,2.819339129
13.4984,2.876773843
13.524,2.949867998
13.528,2.94692514
13.536,2.944234846
13.541,2.948099578
13.541,2.951567076
13.5415,2.937243568
13.54854545,2.938309419
13.56,2.958861585
13.58135961,2.96728856
13.5922,2.970329278
13.595,2.966711792
13.6,2.972574831
13.6001,2.99505376
13.6001,3.043959419
13.6052,3.066096538
13.61,3.071455972
13.61,3.072471437
13.62402064,3.096956118
13.625,3.07857722
13.636,3.087368869
13.64,3.057368869
13.64,3.04175483
13.6457,3.045314917
13.646,3.04264702
13.65,3.041755327
13.6519,3.051543977
13.6679,3.030049624
13.697,2.986646706
13.697,2.975235243
13.6993,3.006061585
13.72509091,2.998067709
13.72727273,2.981766615
13.7341,3.014931974
13.7458,2.999935594
13.7468,3.006053517
13.748,2.9377941
13.75,2.935351289
13.7543,2.917193868
13.763,2.933631512
13.7791597,2.90548619
13.7825,2.889715029
13.7854,2.894540607
13.789,2.890164385
13.7942,2.900969007
13.7958,2.930430104
13.8,2.950351363
13.81,2.938590857
13.83227382,2.964483634
13.83227382,3.001027964
13.8417,3.053733383
13.86,3.063051631
13.863,3.084612895
13.8892,3.169293935
13.90163636,3.170804514
13.90163636,3.172902073
13.91,3.167214501
13.917,3.167529964
13.9342,3.194307859
13.9366,3.212129483
13.94,3.228082407
13.94705324,3.210570018
13.96,3.206602749
13.9636,3.188194089
13.97,3.340929614
13.9785,3.341212595
13.9841,3.366306531
13.9888,3.388393479
14,3.369964024
14,3.381592984
14.001,3.382405529
14.001,3.38367192
14.0267,3.451535891
14.03,3.43570363
14.0315,3.472947295
14.0425,3.58490825
14.048,3.585496998
14.0712,3.565277657
14.07818182,3.575490918
14.079,3.655644721
14.1,3.63431188
14.103,3.615291462
14.1265,3.729924685
14.14177215,3.738405239
14.15,3.716822002
14.1595,3.74372426
14.16,3.76402406
14.1603,3.741823164
14.16645455,3.808310484
14.1717,3.806299519
14.178,3.791346663
14.18618182,3.7720204
14.1904,3.78927694
14.1914,3.763942905
14.19404124,3.805204962
14.199,3.829954724
14.2044935,3.79594589
14.21489362,3.778415766
14.2164,3.76626313
14.2188,3.729344086
14.239,3.759085216
14.2393,3.777146873
14.2773,3.756331518
14.28299946,3.73506287
14.3,3.747906885
14.305,3.755945511
14.33,3.773768738
14.343,3.814970291
14.343,3.912196695
14.3541,3.943763197
14.36375498,3.931568963
14.3638,4.010339781
14.3891,4.011640991
14.4,4.01258769
14.4,4.00664132
14.4112,4.090418818
14.4145,4.118274213
14.4175,4.111009289
14.435,4.183829162
14.4399,4.258930614
14.44678443,4.271474845
14.4587,4.341885608
14.46153846,4.317993386
14.4633,4.329767836
14.4767,4.283734464
14.49794989,4.306013773
14.5,4.225914095
14.5,4.193624299
14.5125,4.177669092
14.5162413,4.155998729
14.5232,4.157506951
14.53211076,4.159926856
14.54,4.162025159
14.54,4.136471119
14.54,4.12754694
14.55,4.159187776
14.55580865,4.175395508
14.57,4.165002969
14.57564202,4.141143263
14.58,4.12392233
14.58,4.13093807
14.59,4.129750517
14.59090909,4.105865559
14.593,4.088833286
14.61566667,4.066677929
14.618,4.060176497
14.61975543,4.036999976
14.6262,4.118797758
14.627,4.138806831
14.64623983,4.211210829
14.6606,4.210067949
14.67,4.217353076
14.68,4.194574251
14.696,4.232200002
14.7,4.258839607
14.702,4.234349196
14.70973842,4.209350945
14.71,4.189592276
14.71,4.191939211
14.715,4.186274436
14.72,4.164497728
14.73669236,4.206217146
14.7375,4.179305545
14.7385566,4.16765169
14.74,4.156447395
14.7434,4.216337952
14.772,4.302877293
14.77743899,4.289542092
14.778,4.265579175
14.7907,4.355060548
14.7909,4.414182272
14.7935,4.404466753
14.794,4.388525651
14.8,4.364177112
14.80207815,4.33821023
14.818,4.327754355
14.8189,4.316864053
14.8371,4.257443494
14.8373,4.365440284
14.8384,4.430977923
14.8431,4.483431308
14.8738,4.470671307
14.8858,4.520898928
14.887,4.581137033
14.88833333,4.585016162
14.88833333,4.586794193
14.8967915,4.558771095
14.8999,4.565900223
14.90863815,4.572604624
14.91,4.574410362
14.9333,4.587385807
14.938,4.615262894
14.95,4.687407348
14.9506,4.659431985
14.958,4.645056753
14.96,4.614229685
14.9783,4.49700195
14.9783,4.47247317
14.98,4.481761858
14.989,4.444830468
14.99389374,4.418982724
14.99389374,4.393652447
14.99539725,4.400427787
14.9971,4.37777527
15.0001,4.367552825
15.02492784,4.385781816
15.02492784,4.384914097
15.027,4.354059718
15.0282,4.348350406
15.03,4.359184926
15.04334502,4.233126156
15.0445,4.210815511
15.0636,4.218602011
15.07,4.22036404
15.08398903,4.177207545
15.09,4.153404548
15.11351962,4.210373164
15.1231,4.20437959
15.13075,4.134276492
15.14305021,4.171040588
15.161,4.180447154
15.17103647,4.111211364
15.186,4.122946223
15.186,4.142163927
15.188,4.15213216
15.1922,4.15477694
15.194,4.15416134
15.19531781,4.093184394
15.19531781,4.069997998
15.2,4.054158362
15.20211139,4.098392581
15.218,4.152366888
15.229,4.183145006
15.23164198,4.241251083
15.234,4.235052698
15.2508,4.341395131
15.26,4.346940352
15.26117257,4.446734598
15.263,4.431830866
15.2655,4.425602525
15.28,4.424383699
15.29070316,4.632564146
15.2952381,4.606795375
15.29966192,4.580405738
15.31,4.579302086
15.3175,4.559859397
15.32023375,4.710054658
15.34,4.684593665
15.344,4.496757528
15.34976434,4.657052945
15.35,4.65432722
15.3519,4.632233356
15.36711799,4.560855459
15.37,4.534370561
15.3905,4.548487378
15.4,4.578102603
15.40643941,4.552267118
15.40643941,4.526887739
15.43343479,4.436382636
15.434,4.413145523
15.43425,4.403329066
15.44,4.239715248
15.45,4.248452099
15.48,4.18819312
15.4806,4.212157989
15.49,4.20473958
15.491,4.188399271
15.51,4.237911652
15.5124,4.253241362
15.51565711,4.244582208
15.5297,4.259171826
15.55,4.336967256
15.579,4.35970331
15.59,4.403901837
15.5967,4.440263523
15.60945627,4.610609568
15.6145,4.753730311
15.6265,4.72542878
15.62732006,4.688649865
15.62732006,4.659557624
15.6321,4.715827511
15.64,4.703481658
15.643,4.708140703
15.66,4.695305652
15.666,4.703633664
15.67633411,4.706382769
15.68,4.726195438
15.68,4.723112509
15.6848,4.703823865
15.6955,4.673419692
15.70425,4.668292611
15.7091,4.644667885
15.715,4.776207343
15.7272,4.846784619
15.731,4.827584181
15.74,4.851471379
15.74143146,4.821300133
15.7444,4.747940274
15.7541,4.750138842
15.7625,4.950695099
15.7675,4.923307067
15.775,4.917582462
15.7815,4.933709259
15.8,4.895867764
15.8005,5.174775003
15.82703227,5.240511016
15.83040034,5.221393123
15.8385,5.231253654
15.8385,5.52468218
15.8424,5.568446696
15.85,5.487226741
15.85,5.480301346
15.85799269,5.445205353
15.85799269,5.41071393
15.89,5.32182982
15.92,5.369889691
15.92375,5.353555558
15.93,5.34524653
15.931,5.317611421
15.94,5.291510656
15.9406,5.288054038
15.944,5.271888154
15.9525,5.247448876
15.96469797,5.350656462
15.972,5.332054643
15.9738,5.443972416
15.97700324,5.40909308
15.9782,5.481623277
15.979,5.536758198
15.979,5.526196142
15.98,5.516023985
15.991,5.662863657
16.0011,5.788797379
16.004,5.780581106
16.0286,5.824805591
16.0295,5.892982392
16.03,5.885252085
16.0545,5.983521484
16.07,5.97189935
16.0894306,5.948097784
16.09,5.950106066
16.09,5.966007734
16.0984607,5.926023271
16.0984607,5.886599003
16.1,5.866103976
16.10679465,5.847330269
16.116,5.802820491
16.13,5.788933975
16.1327,5.82831741
16.1343,5.794822826
16.15875,5.771422042
16.17,5.748303269
16.18,5.739819272
16.1845,5.705869029
16.201,5.852618102
16.2117907,5.805952001
16.2189,5.807310833
16.2204,5.881850366
16.22236069,5.842439732
16.241,5.799187872
16.2413,5.767753448
16.253,5.647203799
16.26956502,5.582133102
16.273,5.550931304
16.2805,5.549778415
16.293,5.332134678
16.3,5.531592379
16.31818182,5.560495877
16.34,5.423166164
16.342,5.408070516
16.3475,5.413228382
16.34869689,5.376157408
16.35,5.176630737
16.392,5.278252071
16.4027,5.273368178
16.4056,5.248038433
16.418,5.299178919
16.4195,5.272093529
16.422,5.244108334
16.4269,5.285869421
16.43,5.257905597
16.43,5.232680552
16.444,5.31835458
16.4445814,5.309095648
16.4445814,5.300765874
16.45827415,5.319506357
16.4669,5.409929557
16.47,5.37265012
16.47746095,5.337004058
16.5,5.351844406
16.509,5.334058421
16.514,5.339282559
16.52765957,5.342404408
16.5326,5.323146345
16.55,5.383324693
16.57300282,5.363510321
16.5773,5.394760764
16.58,5.386500006
16.58,5.352318563
16.5802,5.354256869
16.5897,5.324454602
16.6,5.310342482
16.6,5.282098224
16.6,5.263921492
16.6,5.235847519
16.602,5.214430148
16.6086425,5.181938636
16.61422724,4.994368765
16.636,4.858207837
16.6615,4.885240858
16.67737209,4.92662273
16.68,4.908652771
16.7058,4.97352092
16.7135,5.072337937
16.7255,4.960040801
16.74222909,4.967227747
16.77,4.791666074
16.774,4.779373766
16.792,4.814870071
16.7925,4.801571871
16.79741447,4.783792125
16.8,4.787293377
16.8,4.770172495
16.81,4.434267318
16.81,4.414449232
16.81325,4.415071314
16.8243,4.398893956
16.83,4.393194241
16.8391,3.904800471
16.851,3.85225623
16.882,3.929086613
16.9,3.938857235
16.90875,3.934540497
16.92,3.94534479
16.925,3.941908032
16.927,3.939990208
16.93,3.915889393
16.930047,3.906892222
16.930047,3.899335049
16.9365,3.892040552
16.9514,3.906950615
16.955,3.922842785
16.9601,3.984289867
16.9625,3.957922521
16.9955,3.497789647
17,3.496456481
17.002,3.483662781
17.005,3.464956971
17.01375,3.462328796
17.0239,3.436968337
17.02564103,3.418689196
17.0423,3.417618699
17.044,3.416471179
17.0503,3.401387662
17.0695,3.365981746
17.1,3.415764917
17.1,3.411938481
17.103,3.410601371
17.103,3.410106951
17.11025,3.408899172
17.12407745,3.429463719
17.1245,3.511891953
17.132,3.530137624
17.13902388,3.501008428
17.15,3.488047276
17.154,3.501810624
17.1564,3.4952767
17.17,3.501508415
17.175,3.491257899
17.1797,3.463708198
17.18,3.459640401
17.18,3.474785803
17.18181818,3.45329541
17.19,3.459846631
17.19,3.448608229
17.191,3.446843073
17.2,3.430361019
17.200125,3.429125973
17.2008,3.422489882
17.2067,3.497847254
17.208875,3.506326619
17.2199,3.52426412
17.22,3.525737651
17.22,3.52353864
17.23,3.458757265
17.25934884,3.473793647
17.269,3.475778173
17.269,3.477468382
17.269,3.479425367
17.269,3.481549871
17.279,3.49496186
17.286625,3.51423578
17.29,3.505572659
17.29,3.496763115
17.29,3.488227018
17.3,3.358288627
17.3,3.344357268
17.3,3.325240037
17.307,3.322473438
17.3216,3.340162829
17.328,3.328181554
17.335,3.329711444
17.33731938,3.332347875
17.34,3.302125653
17.344,3.294129921
17.372875,3.324600878
17.38,3.32245094
17.398,3.317274066
17.4014222,3.31097775
17.407,3.315984265
17.41890824,3.317508087
17.43,3.31950759
17.4332,3.334549519
17.44,3.322760904
17.4456535,3.296482107
17.46,3.287813464
17.4877,3.218387378
17.49,3.208131862
17.5,3.239291913
17.506,3.226127459
17.511,3.214680954
17.512,3.209331048
17.514,3.211928269
17.52,3.199034873
17.54,3.229895955
17.546,3.216706815
17.55175,3.166997183
17.5564,3.169720954
17.58,3.134863185
17.59,3.119644681
17.5925,3.105661183
17.595,3.109190554
17.59875,3.120365447
17.6,3.155416184
17.612,3.175645512
17.612,3.175162547
17.612,3.177830517
17.62164195,3.184505406
17.6443,3.187376349
17.650625,3.190272629
17.679,3.175338778
17.69,3.175108008
17.69,3.178247894
17.7,3.167450073
17.7,3.156386328
17.73,3.082589007
17.73,3.097948181
17.759,3.121627664
17.797,3.125019475
17.8,3.131609115
17.83,3.151571039
17.846,3.152260456
17.847,3.145866895
17.85,3.12653996
17.8553,3.109387993
17.87,3.096535707
17.877,3.099199685
17.881125,3.105961648
17.89,3.058144208
17.89080727,3.062709335
17.9,3.07847431
17.9118,3.094883529
17.912,3.10492564
17.9155,3.090606498
17.934,3.107681913
17.939,3.133261296
17.9525,3.107984513
17.9759,3.048195397
17.98,3.036621293
17.999,3.057235669
18.003,3.083505773
18.0098,3.112999653
18.01,3.102415656
18.015,3.096487817
18.0155,3.101224905
18.04545455,3.041110125
18.06363636,3.044806177
18.075,3.0139335
18.088,3.036808322
18.09934364,3.037115671
18.1,3.033495162
18.1023,3.092709332
18.1243,3.096176485
18.14482759,3.004492991
18.1455,3.007396842
18.1596,3.009081756
18.16,3.003506075
18.16,3.01331181
18.16382979,3.000585361
18.168875,3.003009908
18.1709,3.002058147
18.185,3.036687001
18.185,3.047975664
18.1855,3.03174207
18.1861,3.051358506
18.18861716,3.048585367
18.2,3.065184085
18.2014,3.063888328
18.20609351,3.047635917
18.21,2.96453756
18.211,2.969094723
18.22,2.917677667
18.248,2.891314505
18.27,2.838459544
18.283,2.819155636
18.285,2.837543655
18.2864,2.826671477
18.29,2.823252154
18.297,2.826542344
18.3,2.861652093
18.3,2.86663927
18.3,2.856801075
18.33236051,2.878417303
18.342875,2.88547892
18.349,2.869494272
18.35,2.846939658
18.352,2.856044949
18.4,2.871687039
18.4,2.891311481
18.4072,2.908507385
18.41,2.892124436
18.419,2.900846015
18.42330233,2.91002372
18.4333,2.854774367
18.44234353,2.870550227
18.4452,2.857269918
18.474,2.888984461
18.4772,2.940555806
18.485,2.945908246
18.5,2.938011042
18.5,2.989466994
18.5245,3.062647886
18.536,3.049134663
18.539125,3.051616361
18.543,3.053755551
18.555,3.054296427
18.56,3.036780292
18.57,3.021614593
18.57,3.010158606
18.61,3.036396101
18.6149,3.123869606
18.628,3.132113502
18.6548,3.139720852
18.66329943,3.139258197
18.68,3.131369191
18.693,3.131410589
18.7,3.15850304
18.7,3.138905923
18.701,3.145472687
18.7595,3.133088365
18.773,3.129268323
18.7844,3.148849407
18.799,3.124272941
18.8,3.133500504
18.8006,3.144002276
18.8159,3.185432903
18.83,3.186580224
18.8507,3.2286505
18.858,3.238677363
18.8665,3.219032774
18.8722,3.266528011
18.896,3.278647958
18.9,3.279235171
18.9024,3.349354277
18.9144,3.298136309
18.925,3.304646425
18.93,3.327795682
18.93227237,3.331445161
18.95,3.305941013
18.95,3.289249272
18.95,3.268970708
18.9589,3.2783545
18.96,3.24975347
18.96,3.245643624
18.96315789,3.224928092
18.9818,3.252687236
18.99,3.268958651
18.992,3.270898861
19,3.271780026
19.002,3.255133711
19.002,3.23873553
19.002,3.22273326
19.009375,3.213247969
19.01947893,3.183487039
19.059,3.340082892
19.0593,3.339865618
19.0755,3.40572439
19.11,3.30523075
19.117,3.331448098
19.12,3.316712467
19.1377,3.307939633
19.1385,3.28855622
19.15993465,3.294780013
19.1649,3.29497587
19.165,3.27520233
19.1829,3.287719158
19.1875,3.26697772
19.2,3.289638985
19.2,3.296520966
19.2083,3.341739599
19.2155,3.335208742
19.269,3.356870713
19.295,3.396876422
19.3017,3.385035871
19.3022,3.606285452
19.3294,3.570165766
19.34,3.572453916
19.359,3.614982231
19.36,3.583732424
19.3658,3.627307111
19.3838,3.710332232
19.38759693,3.709816888
19.39,3.689438867
19.4,3.660959935
19.4447,3.71521974
19.46216216,3.716842997
19.46577881,3.714957442
19.5,3.68838345
19.5,3.687362988
19.5,3.666523903
19.5,3.650316146
19.50060876,3.63942152
19.5316,3.65131075
19.5453,3.715841723
19.562,3.739362892
19.577,3.804713673
19.582,3.79773246
19.58725581,3.79945722
19.59,3.774918289
19.6,3.771774664
19.6,3.772127803
19.61525921,3.678385001
19.6243,3.640538089
19.6616,3.610781663
19.668,3.613097026
19.6955,3.62734217
19.6975,3.649124793
19.71,3.653905392
19.7155,3.627982856
19.72,3.603339942
19.72,3.579568439
19.739,3.602344424
19.7394,3.661357078
19.75,3.633448056
19.757,3.602735657
19.76315217,3.609353509
19.7884,3.660491632
19.794,3.682624745
19.8,3.684667751
19.8,3.678668112
19.81,3.637608844
19.82,3.60515417
19.8634,3.658581531
19.87273077,3.626949989
19.8802116,3.601518834
19.8802116,3.577015569
19.89110279,3.574314206
19.9,3.574027281
19.9089,3.484339564
19.9227,3.503337643
19.923,3.476406846
19.9382,3.433207008
19.973,3.579910153
19.98,3.54811341
19.99,3.534566999
20,3.535802317
20,3.530389914
20.01905341,3.610848981
20.0273,3.631292017
20.0316,4.056309438
20.0341,4.098389104
20.05,4.069754045
20.1,3.881004218
20.1,3.852720698
20.1,3.826789854
20.101,3.803098908
20.1122,3.851753012
20.1237,3.823587684
20.13,3.798339537
20.14700404,3.832801148
20.1643,3.822421896
20.24545455,3.935559658
20.256,3.90753842
20.2574,3.876583079
20.2656,3.87406465
20.2678,3.848505511
20.2747,4.164839294
20.2781,4.180302487
20.28297872,4.149290612
20.3,4.137001808
20.3034,3.944223065
20.36,4.046436719
20.38,3.975989682
20.38,3.950386789
20.39613153,3.856512275
20.4439,3.872411597
20.47002882,3.856034051
20.5179,3.88626817
20.5333,3.801733974
20.55922791,3.766314928
20.56,3.732336812
20.6,3.786430525
20.6,3.744535657
20.6098,3.772274452
20.6115,3.733886423
20.6235,3.751289985
20.63,3.780516174
20.63636364,3.744369935
20.64206897,3.719834
20.649,3.673720242
20.6654,3.793687718
20.71,3.823735474
20.713,3.780650624
20.7168,3.847441836
20.72,3.876977004
20.761,3.931837745
20.7757,3.955963331
20.841,3.928550411
20.8636,3.87785184
20.86508003,3.865682841
20.8895,3.952960781
20.9182,4.058789181
20.93,4.106455338
20.97,4.16071481
20.974,4.208728141
20.9761,4.170912604
21.0041,4.32617485
21.0245,4.366229742
21.0297,4.387015845
21.04,3.679451806
21.05,3.685917842
21.06842105,3.639026508
21.084,3.603959735
21.09,3.564218449
21.1,3.669550213
21.1074,3.735206685
21.11331181,3.733682076
21.1222,3.707284471
21.1457,3.766782119
21.148,3.715797792
21.16011538,3.672051463
21.1605,3.62284099
21.16666667,3.586183047
21.16666667,3.531610663
21.1844,3.579491359
21.2129,3.701532435
21.2406,3.665895972
21.241,3.63615368
21.2473,3.771754301
21.2733,3.902528893
21.3,3.520760344
21.33,3.472556027
21.3419,3.443852669
21.3595,3.466485351
21.37,3.434325541
21.4391,3.575693492
21.441,3.546821963
21.4904,3.875652792
21.5076,4.000908172
21.5221,3.969842268
21.53,3.919020294
21.5856,3.968361218
21.594,3.970467042
21.6,3.97648907
21.6076,3.937588433
21.613,3.943835894
21.6244,3.891840334
21.6286,3.924432991
21.7,3.969442483
21.7,3.975278334
21.70660094,3.981104735
21.71,3.963513607
21.73,3.981865977
21.73243243,3.943903874
21.7336,4.050837492
21.74803846,4.00226309
21.751,3.950469407
21.756,3.975018604
21.7709,3.929545179
21.7744,3.949476941
21.787,3.882800648
21.8023,3.897322899
21.8344,3.892154767
21.8538,3.926345187
21.9,3.956635352
21.914,3.914614389
21.914,3.878645713
21.914,3.835935475
21.9401,3.760504532
21.97,3.730091731
21.9767,3.813145934
22,3.800214114
22.0030303,3.774785075
22.0197,3.744377585
22.07,3.764787471
22.097,3.927951534
22.12459197,3.843824911
22.1271,3.821664301
22.14285714,3.779709288
22.16,3.802582624
22.17,3.998532528
22.1855,3.972173124
22.19,3.955156412
22.2198,3.881811757
22.2303,3.9264682
22.2414,3.969326375
22.25,3.79421121
22.2685,3.818899582
22.2929,3.858139678
22.3,3.861024534
22.3208,3.892051598
22.3261,3.860705078
22.3796,4.017220719
22.38699029,3.994202143
22.4,4.011081706
22.42765957,3.970020443
22.43522031,3.986683347
22.449,3.939813313
22.4822,3.906121515
22.4824,3.967705376
22.4844,3.973431342
22.5,3.64279011
22.5,3.609487717
22.52,3.482339179
22.5364,3.594324438
22.5446,3.680202978
22.5602,3.749305257
22.6,3.762244836
22.6,3.728831338
22.6002,3.824729962
22.604,3.89989456
22.62,3.911300739
22.641,3.862284497
22.6437,3.828983253
22.64938861,3.80863974
22.699,3.774059725
22.7061,3.885090632
22.707,3.853146526
22.7078,3.934170927
22.7684,4.064326443
22.78058777,3.993834518
22.8115,4.243730281
22.827,4.199773775
22.849,4.320792906
22.85,4.308094974
22.85,4.294589314
22.91178693,4.261896652
22.9245,4.522477091
22.9318,4.524130781
22.9818,4.520731233
22.9921,4.520731233
23,4.496296366
23,4.500331408
23.0149,4.87362001
23.0189,4.819870059
23.0189,4.911884557
23.0328299,4.899259828
23.04298609,4.86243777
23.047,4.810193669
23.0892,4.811362992
23.1,4.695028293
23.1059,4.74524854
23.1086,4.703680323
23.125,4.728300278
23.1306,4.772840615
23.165,4.831635825
23.17418525,4.846736364
23.2007,4.803325221
23.2087,4.969740575
23.21428571,4.91191613
23.2156,4.924258111
23.2159,4.971121403
23.2462,4.912824121
23.25,4.914236167
23.26,4.864406822
23.2637,5.134162682
23.33,5.250125882
23.34,5.19520807
23.3466,5.318213879
23.3598,5.349897648
23.378,5.30513953
23.4,5.307882838
23.4,5.253662938
23.44614028,5.310063356
23.45,5.403114712
23.4588,6.206998789
23.45894423,6.164663101
23.4687,6.164663101
23.4773,6.270264092
23.5,7.519185473
23.5125,7.56880637
23.5164,7.478284707
23.5818,7.712375726
23.5876,8.239334233
23.6,8.359500352
23.61,8.234938434
23.6275,8.240272825
23.6334,8.200273071
23.648,8.320002528
23.65,8.905781089
23.65,9.257703588
23.6635,9.288223171
23.6784,9.203682074
23.68,9.10948648
23.681,8.994804132
23.6929,8.977894106
23.69425287,8.87430656
23.69703757,8.85424686
23.7,8.938824379
23.71,8.879736528
23.7164,9.693009935
23.7164,9.919056273
23.7422,10.20695487
23.75,10.16562419
23.75,10.12085234
23.75718461,10.02899296
23.7851,10.05017991
23.7866,9.936616163
23.7956,9.833979331
23.8111,9.730456345
23.8314,9.707757
23.8442,9.665948074
23.845,9.600197807
23.8452,9.617922689
23.871,9.743980762
23.88,9.639468475
23.8816,9.609305697
23.887,9.493203686
23.89016409,9.438823677
23.9,9.385676966
23.915,9.377705365
23.9402,9.40345835
23.95,9.298385061
23.96518771,9.196475018
23.98,9.113962283
24,9.72297098
24.0238,9.699691422
24.034,9.659359728
24.0686,9.748670136
24.07,9.631374815
24.07117988,9.526652273
24.093,9.576867305
24.09697842,9.514078236
24.098,9.449250758
24.1,9.484020186
24.1111,9.854839909
24.176,10.15195001
24.182,10.09670238
24.1942,10.14462555
24.1991,10.21175713
24.2,10.10974512
24.2025,10.12652236
24.225,10.21966168
24.2486,10.20326458
24.2916272,10.19063224
24.3,10.11931941
24.33,10.01624272
24.3349,10.0146332
24.3418,10.08557322
24.3505,9.938598132
24.35366537,9.852977228
24.36,9.789784385
24.3743,9.908850841
24.4325,10.25610669
24.4543,10.23006144
24.47,9.579312063
24.49,9.431097889
24.4927,9.339515655
24.49844152,9.272844915
24.5,8.407532825
24.5,8.33157428
24.5,8.254569027
24.5077,8.239263537
24.52836879,8.218207295
24.5496,8.280775341
24.5586,8.381084679
24.5714,8.299066397
24.5906,7.669576598
24.6169,7.733580743
24.7,7.365436875
24.70525585,7.329797199
24.7248,6.409652263
24.7524,6.019936685
24.7564,6.146282476
24.76,6.115827423
24.7778,6.095907295
24.7824,6.077188425
24.8088,6.45496788
24.8394,6.494829056
24.8555,6.385953593
24.89990463,6.502387874
24.9,6.490259077
24.9,6.412389164
24.9217,6.415109569
24.92857143,6.331351992
24.96,6.324827744
24.96,6.26132469
24.967,6.284071124
25,5.741483876
25.0062,5.77003606
25.0365,5.762618538
25.071,5.854289308
25.0803,5.937343611
25.09908298,5.983272299
25.1,5.99354419
25.1,5.922223349
25.11511628,5.431085324
25.1522,5.377884358
25.189,5.250932381
25.2209,4.98198637
25.225,4.858645097
25.2338,4.891696278
25.24838652,4.852136584
25.2607,4.930799996
25.2702,4.905538855
25.27344439,4.891887527
25.28,4.832351056
25.287,4.799991274
25.2908,4.874905677
25.3,4.871951179
25.3155,4.88400274
25.3254,4.87706848
25.332,4.885627212
25.36082949,4.841902603
25.3762,4.55404258
25.39,4.531272988
25.4,4.530015074
25.4041,4.536972833
25.41,4.473861571
25.4112,4.434509904
25.4155,4.424158566
25.42,4.425188164
25.4226,4.425285545
25.43754925,4.247150041
25.4514,4.306962903
25.4538,4.299888194
25.46,4.317512573
25.4907,4.378931451
25.5036,4.48131275
25.5155,4.463239946
25.536,4.447047244
25.5445,4.429161667
25.57,4.070775129
25.57,4.034117209
25.5845,4.082929388
25.5864,4.051459573
25.6,4.038593118
25.6025,3.983690876
25.61191066,3.992317194
25.6176,4.019435537
25.6655,4.027110389
25.6775,4.022835385
25.703,4.116347693
25.7143,4.183779079
25.728,4.082040217
25.738,4.144986072
25.7553,4.150151126
25.78571429,3.983130683
25.78627208,3.992073312
25.8,4.000697021
25.828,3.775987997
25.8347,3.782927846
25.8732,3.855649112
25.892,3.830450632
25.9,3.850249097
25.9013,3.843732735
25.93063982,3.909586359
25.9317,3.913378289
25.9518,3.885726455
26.0007,4.073004486
26.0519,3.946452273
26.0675,3.900848004
26.1,3.854952056
26.1251,3.923596205
26.1544,3.985384973
26.17,3.947068307
26.17,3.908579274
26.17,3.871328345
26.19149425,3.890114475
26.2,3.876515069
26.22774249,3.93929062
26.2992,3.990978109
26.31,3.975193552
26.3173,3.917241791
26.32,3.881163467
26.3257,3.930821923
26.3757,4.024642138
26.38570619,4.04344954
26.4,4.032964401
26.4265,4.086655606
26.4356,4.134263045
26.5,4.080656998
26.5503,4.105123577
26.5818,4.253611766
26.6,4.280322186
26.63711141,4.351646414
26.64,4.319109784
26.6536,4.338296066
26.6667,4.287134339
26.6996,4.318884623
26.7106,4.298119749
26.73958843,4.021367318
26.78,3.92764381
26.82,3.952210036
26.84,3.952005563
26.854,3.89218604
26.8575,3.917433638
26.87372808,3.817536178
26.8939,3.899766326
26.898,3.865789276
26.9,3.870942793
26.91,3.813845882
26.9525,3.887898653
26.97253385,3.826777161
26.997,3.795478725
27.046,3.615704231
27.084,3.641924098
27.098,3.573445602
27.1,3.646476969
27.125,3.672649966
27.1411,3.749917499
27.15,3.748397425
27.177,3.849165568
27.2353,3.935334772
27.286,3.854896745
27.3,3.634170787
27.3,3.624374663
27.311,3.58549622
27.33217288,3.565253887
27.4034,3.589277446
27.4199,3.650688512
27.4205,3.805685887
27.5,3.749069295
27.5,3.686180856
27.5282,3.70314433
27.54,3.713772205
27.56878955,3.754902453
27.575,3.701303073
27.6,3.663274184
27.6042,3.766618983
27.61,3.70250273
27.6192,3.779038138
27.71,3.840234642
27.8206,3.850594149
27.83333333,3.761435404
27.83333333,3.676275368
27.8426,3.818348256
27.8663,4.051108502
27.8794,4.121343545
27.89,4.23509132
27.954,4.222814859
27.965,4.157627947
27.97,4.099136612
28,4.207252822
28,4.136516603
28.0312,4.074396887
28.0441,4.089762446
28.07,4.339029476
28.0956,4.354865441
28.1775,4.25046958
28.2,4.214980527
28.20190335,4.181289325
28.23079034,4.147422073
28.2379,4.191094616
28.25,4.228110612
28.301,4.466776385
28.333,4.503221613
28.343,4.43311223
28.4,4.400816982
28.43,4.154052574
28.4628,4.210416798
28.5,4.281434393
28.5,4.293207139
28.5,4.369935704
28.515,4.312664766
28.5442,4.539715177
28.5549,4.542778213
28.556,4.461809857
28.6,4.457934125
28.61,4.425372168
28.6551,4.388104218
28.6565,4.406149839
28.6912,4.415249147
28.707,4.37395604
28.7566,4.359421171
28.793,4.394939815
28.8404,4.758340201
28.86,4.588541771
28.8728,4.30117202
28.9,4.173266927
28.94243333,4.232824658
28.9951,4.337206831
29,4.355166103
29.0724,4.263529871
29.0909,4.203848168
29.1,4.145112526
29.125,4.162430242
29.232,4.301051184
29.2457,4.430860153
29.285,4.665360426
29.3,4.601322448
29.32,4.518736994
29.3382,4.617206809
29.3447,4.615210874
29.4448,4.761722778
29.48339994,4.644291179
29.4897,5.04935402
29.49,4.983084371
29.491,4.94476669
29.5055,4.914196334
29.5503,4.996167613
29.6938,5.333335249
29.72199225,5.315551215
29.8,5.162005431
29.8235,5.146082744
29.9069,5.764444283
29.9472,5.777597536
30.01158628,6.026424072
30.1,6.19408772
30.133,6.080195604
30.1441413,5.929560799
30.20232558,5.732510096
30.2254,5.692903718
30.23,5.559039656
30.2602,5.769980054
30.2602,6.363737988
30.26951767,6.224768158
30.3088,6.023606818
30.3225,5.9951935
30.3242,5.979533941
30.3626,6.341544851
30.4561,6.333067639
30.4706,6.297360586
30.4924,5.965283991
30.52744906,5.961385238
30.556,5.437712342
30.59863765,5.311685442
30.6,5.195680749
30.608,5.055883371
30.6324,5.059062604
30.6488,5.875289625
30.658,5.823470054
30.668,5.678016577
30.6726,5.629441504
30.7311,5.77252748
30.7538,5.69756682
30.9559,5.22012951
30.9701,5.337906215
31.0333,5.431142339
31.0533,5.273841807
31.1,5.26338416
31.1,5.175936797
31.1587,5.332218834
31.1849,5.179632034
31.305,4.74177545
31.3377,4.802759052
31.37,4.481125605
31.4005,4.493584865
31.4068,4.708262174
31.5,4.865238419
31.5667,5.989890682
31.5667,6.103341846
31.576,6.110632446
31.68,7.205586108
31.7,6.966372959
31.72229777,6.748729169
31.752,6.461497487
31.7647,6.507168048
31.7677,6.492124289
31.7684,6.594890628
31.78,6.550126831
31.787,6.802819085
31.81501706,6.680065892
31.8404,6.632807355
31.8975,6.472481356
31.9146,6.441456967
31.97,6.298474232
32.0615,6.462138651
32.0750374,6.326310225
32.0813,6.135821488
32.1,6.266781548
32.1304,6.326954796
32.1934,6.686853467
32.2075,6.595062485
32.2083,6.577945603
32.23,6.392189452
32.3431,6.444867674
32.3455,6.410638939
32.3574,6.410638939
32.3635,6.399773834
32.3695,6.26153736
32.4176,6.277284686
32.418,6.152184913
32.4348,6.152059157
32.45,6.367270969
32.4536,6.313444234
32.4995,6.161014063
32.5,6.021470521
32.5077,6.059597702
32.516,5.94038373
32.5236,5.913637574
32.5437,5.900170973
32.5451,5.807229752
32.5735,5.196483099
32.5797,5.192492734
32.6158,5.298175642
32.6296,5.183460422
32.635,5.180337492
32.64,5.082053484
32.6698,5.172836889
32.6878,4.795309286
32.7239,4.987703104
32.7599,5.259256343
32.7959,5.148136571
32.8057,5.344045338
32.8261,5.470972454
32.832,5.651941135
32.8458,5.62402612
32.868,5.7308826
32.904,5.988525931
32.9401,6.231003085
32.9761,6.569887199
33,6.483797292
33.0121,6.645991746
33.01609429,6.562002941
33.0482,6.590889673
33.07,6.524342969
33.12,6.698166046
33.1743,6.598030686
33.2067,6.415264372
33.2644,6.536786698
33.308,6.438864925
33.308,6.555758131
33.31,6.420834048
33.3485,6.472895826
33.3544,6.41049949
33.3705,6.41707
33.4085,6.324010775
33.41628063,6.243080667
33.5217,6.601539364
33.523,6.487950867
33.61,6.665465685
33.63,6.633448278
33.7334,6.58495863
33.747,6.425123423
33.7839,6.019261122
33.843,5.69676487
33.8512,5.720867672
33.9,5.403922009
33.96,4.727469829
34.1905,4.001767982
34.2586,4.654725654
34.2727,4.583181139
34.32,4.565118157
34.3539,4.480452983
34.3571,4.759264877
34.35932441,4.654587563
34.361,4.458431072
34.4,4.500232236
34.4566,4.520989711
34.5,4.32769011
34.5,4.149947472
34.6543513,4.148867036
34.7255,4.034247602
34.76,3.93815637
34.78,3.834831899
34.8566,3.492555581
34.86,3.523610825
34.86744186,3.416503127
34.925,3.506905045
34.9381,3.358581081
34.989,3.20680222
35,3.154855715
35,3.095336657
35.0168,3.242254595
35.099,3.16959112
35.1711,4.653325581
35.2092,5.119692079
35.295,4.736226559
35.3593,4.730334403
35.5,5.772590632
35.5,5.957935784
35.5153,5.684701247
35.6,5.504659139
35.6471,5.408562883
35.65,5.219161689
35.67659574,5.162539231
35.68607686,5.057118512
35.75,5.105182721
35.8,5.24033825
35.862,5.018866714
35.8705,5.101696707
35.89,4.976740677
35.94400825,5.179193166
35.95,4.968059384
36,5.519667462
36.0924,5.208949593
36.1108,5.166052491
36.1599,5.489667574
36.20193964,3.667953712
36.236,3.597569795
36.27,3.526139091
36.27,3.461151954
36.2941,3.487589021
36.2953,4.062604238
36.388,3.782693866
36.4564,3.708011693
36.45987103,3.829007414
36.496,3.714881623
36.5,4.785286688
36.6069,4.955607584
36.64,4.880471508
36.6696,4.917994264
36.69,5.01527665
36.7,4.911716746
36.7286,12.43846546
36.7667,12.60396546
36.81666667,12.5644512
36.861,13.17067051
36.8767,13.08022217
36.87946309,12.7142498
36.8811,12.3190546
36.91395349,12.28911589
36.988,12.71122659
37,15.0775889
37.02,14.65542825
37.05,14.21525413
37.059,13.83382769
37.1029,13.99153819
37.1105,13.68804177
37.12,13.70074864
37.1377,13.34060652
37.1619,13.37257689
37.17,12.98816215
37.2467,12.94837836
37.26,12.83313113
37.332,13.3168118
37.458,13.80060109
37.46976744,13.61320776
37.5,13.23415314
37.5952,20.04323287
37.6,19.47871784
37.61,19.4867556
37.611,21.33138327
37.7774,16.89581494
37.7841,16.28487616
37.79,15.79751603
37.825,15.77879452
37.8333,21.68259833
37.9118,25.52799848
38.0285,27.25957735
38.0611,28.95019038
38.0905,27.75823448
38.111,30.2876069
38.2248,33.2697705
38.28,34.60391012
38.361,35.56158377
38.4,33.88127413
38.401,32.28058583
38.503,33.64759531
38.5588,32.32209156
38.56,31.0036095
38.56,29.79911835
38.59,28.58860867
38.61,21.50931681
38.68333333,18.06612486
38.736,19.93995943
38.8951,17.44825694
38.9,16.67034307
38.92,13.37051104
38.96046512,12.78876477
38.97677852,12.3285638
39.0118,12.32776913
39.17,9.684879573
39.2,9.328556729
39.2,8.99888354
39.252,8.948138736
39.3284,23.39393971
39.361,22.70984245
39.442,23.75582604
39.4545,22.76804121
39.5,21.92378286
39.5,21.45715453
39.5,20.98425609
39.5,20.58255924
39.5294,21.08924153
39.5553,20.32021462
39.63,23.95125328
39.7617,23.39909809
39.8428,22.47078586
39.8529,22.68143285
39.8529,22.96176385
39.9216,22.15700226
39.9624,22.54511601
40.195,27.20769427
40.198,26.0173123
40.2235,27.06887896
40.25,25.93899601
40.34,12.00421096
40.368,11.91267548
40.4444,11.91390075
40.4822,11.96706895
40.5202,12.1819711
40.5421,11.40559136
40.57,12.26705366
40.5746,11.6374578
40.584,11.16075808
40.6482,10.42412516
40.75,10.38276656
40.86,7.471870287
40.913,7.704424
40.93,8.854182005
40.9581,8.428483709
41.00697674,7.978817391
41.0265,7.62495611
41.0429,7.49194687
41.0429,7.349397734
41.07409396,7.141752906
41.1013,7.088179215
41.11,7.864324005
41.1471,7.749830224
41.16666667,7.484062075
41.16666667,7.238626761
41.213,4.847911677
41.25,4.964778093
41.29,5.580724878
41.3,5.449617793
41.39,5.571758456
41.4595,5.52988169
41.46,6.213253537
41.4609,6.051232753
41.47,5.900098259
41.511,5.825855868
41.5316,6.540123197
41.5545,6.664615031
41.59,6.57877268
41.64,6.838375406
41.6711,6.740065902
41.672,6.57058919
41.67375887,6.489598454
41.8,6.226763454
41.82,6.605545163
41.8373,6.501748066
41.8636,6.730730612
41.9185,6.390224534
41.9559,5.750741257
42.0076,6.066752845
42.03023256,6.083853272
42.052,6.159992212
42.058,6.013090122
42.09,5.991808189
42.2702,5.99889381
42.337,5.36311188
42.4608,5.356552202
42.5074,5.750743997
42.53333333,4.906127947
42.7,4.861294966
42.7,4.697282945
42.704,4.565436383
42.7647,4.503022879
42.8142,4.873892024
42.887,3.996445849
42.95,3.991437669
43.05348837,3.788457726
43.0712,3.721921704
43.0794,3.561765377
43.1714094,3.606612187
43.2665,3.770388193
43.3,3.604660088
43.3671,4.288265338
43.5323,3.59663747
43.5735,3.751636572
43.5735,3.759959985
43.646,3.942061541
43.68959752,3.862023919
43.7649,4.402859126
43.8203,4.099910423
43.8333,4.250146422
44.0445,4.583715494
44.19,5.301647035
44.2238,4.953338225
44.252,4.715219354
44.2734,5.784720203
44.39,5.269594
44.43263158,5.055180737
44.5,5.055180737
44.5,4.859549564
44.5441,4.664250919
44.584,4.679964039
44.6364,4.518190728
44.6961,4.655833447
44.7155,4.840954588
44.7372093,4.630375697
44.81,4.323097796
44.824,4.230677221
44.8846,4.079224397
44.92798762,3.962109303
44.9583,3.846988597
45.094,3.46922191
45.1,3.348731421
45.2106,3.385238203
45.3108,2.504958124
45.32,2.478887145
45.3529,2.503597969
45.38198198,2.4421286
45.52333892,2.516607083
45.5968,2.440005709
45.6538,2.464892471
45.6661,3.022492539
45.8,2.450038239
46.038,2.581639645
46.1785,5.137539705
46.2,4.805470862
46.2,4.518896062
46.27,4.445491548
46.3667,4.763272069
46.38333333,4.711353457
46.4231,4.711353457
46.6168,6.083125621
46.7,5.32071748
46.7555,4.937001579
46.8088,6.430244573
46.8861,6.174035717
46.92,5.858467154
46.944,5.629987883
46.9735,5.287248372
46.997,6.775534568
47.0463,10.12573973
47.06666667,9.596642602
47.1923,9.751782641
47.2198,12.09137588
47.25,11.87131362
47.4559,14.2260795
47.5674,15.67039391
47.61,14.7724461
47.6319,13.982745
47.83333333,14.32734509
47.83333333,13.45936097
47.9141,14.10095759
47.934,14.0701225
47.9615,17.35989447
48.05,13.91004997
48.4265,13.19483631
48.491,11.7845354
48.51,10.87176156
48.518,11.54202505
48.5533,11.03088799
48.5833,9.162228877
48.7308,10.04441036
48.9554,11.84603009
49.064,7.139348384
49.0735,6.649174702
49.14,6.077470884
49.3994,6.014826923
49.43176996,4.932881536
49.4722,4.656196086
49.5,4.630892695
49.5,4.403371537
49.5,4.277772454
49.552,3.238285537
49.58,3.060921323
49.6496,2.564908689
49.7,2.518537316
49.8182,2.287728628
49.892,2.432631312
49.9,2.409407917
50.01666667,2.253486885
50.2692,3.536872919
50.5,4.34895902
50.5173,4.362555573
50.6912,4.750744411
50.7007,4.777721067
50.88,4.597832505
51.0333,5.588045533
51.0385,5.697952708
51.064,5.283239224
51.1698,4.847446346
51.184,4.581877141
51.3851,3.114055382
51.5,3.110914504
51.5,3.028067428
51.6957,2.890277259
51.8077,2.970789851
51.98333333,3.021000611
52.00465116,2.84775154
52.1719,2.563235442
52.2,2.509393137
52.25,2.467289367
52.2529,2.845033954
52.4375,3.316966959
52.5769,3.496676784
52.7881,3.369573115
52.8576,3.170506882
52.9471,3.492706274
52.9615,3.447302699
53.2,4.040534601
53.2437,3.911820531
53.2942,4.16871977
53.304,4.00314269
53.3462,4.044280595
53.42,3.716038011
53.4677,3.299285759
53.554,3.159976184
53.7,3.046058492
53.8375,3.340254899
53.94117647,3.305629228
53.95,2.900226008
53.9884,3.125819806
53.99553265,2.971708265
54.1154,2.971708265
54.2333,3.073749357
54.26,2.928817877
54.4065,2.328862195
54.5,2.226951819
54.5,2.118049567
54.5,1.995434629
54.6474,2.282281361
54.8846,2.418428984
54.91,2.388363555
55,2.397859644
55.0297,2.644757658
55.049,2.560106412
55.2,2.516719147
55.2375,2.728406831
55.3,2.81867506
55.44,2.795608064
55.53892815,3.189148289
55.6538,2.972405279
55.7596,3.05456111
55.91666667,2.684674531
55.933,2.896404953
55.97,3.31541798
56.0243,3.279443065
56.14,3.021656965
56.3125,3.105576922
56.33,2.860887765
56.4231,3.097299635
56.55,3.219591552
56.659,3.057233517
56.7615,2.964445212
56.999,2.903480869
57.1923,3.518521025
57.2,3.375359772
57.3715,3.212263744
57.4167,3.191096151
57.4594,3.211805618
57.58,3.348819836
57.6665,3.358015072
57.85,3.078674036
57.9615,3.192710589
57.9667,3.31671615
58.3272,3.194801286
58.396,3.293603951
58.5,2.957107834
58.62,2.861605473
58.6458,3.333432801
58.7308,3.700661987
58.8074,4.3623905
59.0715,4.581941405
59.0883,4.238078013
59.1,4.101864268
59.195,4.303826114
59.252,4.170293804
59.27,3.932542242
59.4236,4.091449722
59.4745,4.044972851
59.48,3.827102944
59.5,3.915035012
59.58823529,3.725422024
59.68116592,3.461566913
59.7,3.390331981
59.7,3.27993901
59.878,2.580630592
59.8892,3.126323472
60.0627,5.024923665
60.2014,5.718456073
60.24,5.431065156
60.25062657,5.147022894
60.2649,5.097384094
60.2692,4.967336214
60.2692,5.245027256
60.3,5.335273771
60.34,5.091459163
60.3667,5.12562652
60.4098,5.68470848
60.5994,6.632967393
60.82,7.303372439
60.9792,8.795325873
61.00848929,8.342853743
61.03,7.940341091
61.0385,7.940341091
61.05,7.523394147
61.0745,5.801486506
61.16666667,5.568622165
61.16666667,5.484414005
61.3,6.064012411
61.441,5.277874541
61.5,4.987308695
61.7,4.265851054
61.7308,4.15950911
61.7569,4.506818562
61.7872,4.454753304
61.8077,4.454753304
61.846,4.401557881
61.9499,4.312596388
62.03,2.830765841
62.05,2.816109208
62.06,2.684702983
62.07,2.554176649
62.1,2.415535263
62.2624,2.456927219
62.4,2.466998243
62.4623,2.443155791
62.5,2.419085234
62.5769,2.540217029
62.5789,2.821895876
62.6173,2.811125822
62.87,2.328160577
62.8713,2.24618952
62.9751,2.322761131
63.1,3.027272813
63.155,2.909135889
63.2,2.794682941
63.3462,3.228266946
63.4211,3.900304043
63.4502,4.123554347
63.53,4.26992436
63.6,3.83103472
63.78,3.685896872
63.7941,3.734580501
64,4.000048066
64.1,3.899538248
64.1154,4.805275723
64.33,5.093937015
64.371,4.442761786
64.4,4.19013697
64.4996,3.304598313
64.5,3.52857815
64.5,3.338103899
64.6364,3.49984334
64.6381,3.486481619
64.6538,3.437227425
64.7,3.361397207
64.7,3.285262294
64.8553,3.710761563
64.9,3.557812966
64.9,3.437422933
64.9708,3.532171341
65.1,3.55794573
65.1,3.527007135
65.17,2.770079684
65.3,2.697793045
65.3508,2.786581761
65.425,2.860456431
65.4291,2.778679273
65.5,2.53344397
65.844,2.516558157
65.87,2.010612697
66.0013,1.988154292
66.1,2.047319506
66.1471,2.735129598
66.16,2.55409148
66.3,2.807136876
66.36,2.602199828
66.439,2.69305708
66.49,2.548286345
66.5387,2.722415239
66.64546787,2.664767732
66.8513,2.765945306
67.2,2.157131996
67.22,2.015511157
67.2514,5.816314284
67.3238,6.528099174
67.41,6.575057649
67.5,7.174107885
67.5769,7.164349778
67.675,7.099769423
67.83333333,6.860589042
67.83333333,6.540735017
67.9641,7.028613488
68.02,6.554672516
68.1,6.147700587
68.1,5.834545296
68.5001,3.018815395
68.6,2.96247825
68.6768,3.272880065
68.8,3.253903911
68.9,2.876878813
68.95,2.728201551
69.2525,2.601874451
69.3301,2.819823892
69.409,2.630085634
69.51,2.560507877
69.51,2.436680256
69.6768,2.398738094
69.8,2.207116277
69.8071,2.113888104
69.8647,2.403034236
70,2.576006566
70.02765502,2.537891432
70.0286,2.642986015
70.3289,2.527229237
70.34,2.744041446
70.44,2.688296497
70.5,2.576441886
70.5,2.5230626
70.5,2.431292641
70.5774,2.720826668
70.6116,2.83619547
70.7,2.797990603
70.7923,2.782730821
70.9,2.705571647
70.9,2.71498754
71.01,2.638258356
71.0525,2.820470838
71.0748,2.761504281
71.1,2.720465584
71.15505073,2.704614701
71.428,2.343376977
71.44,2.338683099
71.564,2.475745468
71.7568,2.411428097
71.7652,2.754519275
71.85,2.659699214
71.9,2.826359509
72.03,2.889998779
72.0895,2.832378555
72.1,2.7740027
72.2,2.691695143
72.2404,2.874484898
72.53,3.141537352
72.6,3.098961158
72.7,3.108013132
72.7505,2.949151917
72.9,2.219587771
72.9531,2.558398095
73.0541,3.241411065
73.2895,3.289549577
73.4231,3.252483112
73.5,3.179912244
73.6064,3.932221343
73.7,3.808167529
73.7,3.578040407
73.74,3.421408098
73.8,3.446115771
73.8,3.269008476
73.84,3.035057613
73.9,3.167943014
73.9,3.166493324
73.9,3.162991565
73.9,3.144896982
74.09,2.41979543
74.1,2.379946211
74.106,2.331549862
74.2,2.30046272
74.3,2.220809193
74.3191,2.403671529
74.3458,2.38884676
74.5,2.312452047
74.5,2.833463199
74.5526,2.914684031
74.7,2.864635915
74.7943,3.10127233
74.88,3.371431342
74.9143,3.298140877
75.4,4.022968961
75.5,2.872099208
75.507,3.177352944
75.53992545,3.03387843
75.6,2.686819234
75.6,3.841923181
75.7,3.70460104
75.8158,3.46846364
75.824,3.226072323
75.9,3.387711924
76,3.414662025
76,3.254981873
76.0696,3.261078824
76.2197,3.415501674
76.3,3.287439225
76.60488818,2.474453201
76.6385,2.480892499
76.8,2.468105837
76.82,2.109777667
76.8218,2.0380826
76.9324,2.254478329
77.07,2.282044636
77.07,2.247354341
77.0789,2.312090051
77.1,2.257953782
77.17,2.370433672
77.284,2.077095428
77.3059,2.280923448
77.38,2.143884873
77.4,2.203525283
77.5,2.52434334
77.5,2.445222827
77.5,2.439726064
77.7135,2.632966804
77.7732,2.8475144
78.01,3.042727922
78.3,3.3434471
78.3168,3.233549165
78.3928,3.668312636
78.7,3.478619467
78.73481363,2.999738091
78.7975,2.178037723
78.8,2.114992552
78.84,2.045670016
78.9,2.12732928
79,2.032875635
79,1.97214989
79.011,1.903043632
79.0721,2.283001578
79.2692,2.290542397
79.4789,2.131317121
79.5,2.153432875
79.5,2.187792291
79.5,2.221810723
79.6271,2.221810723
79.7,2.254030322
79.7063,2.176448388
79.7515,2.476081871
80.1591,3.429667637
80.2,3.240480754
80.3,3.210315061
80.39,3.068906841
80.4,3.029803845
80.4937,3.536274734
80.7025,4.361533465
80.7421,4.588854235
80.8,3.990159218
80.8152,3.688150021
80.86473908,3.607438996
80.9,3.429801849
81.1,3.309204012
81.1101,3.445748289
81.14,3.382498025
81.16666667,3.610253809
81.16666667,3.546352736
81.25,3.478123397
81.3604,3.806296021
81.4,3.922583465
81.47,3.759125998
81.7895,3.382213461
82,3.857947467
82.0053,3.812090608
82.1106,3.829696394
82.2,3.061362637
82.2,3.031776921
82.2687,3.614380973
82.3,3.456974048
82.45,2.938173131
82.6047,3.352511673
82.6058,3.161705235
82.832,2.765773403
82.99466454,2.745136088
83.2,2.690550459
83.2,2.550326912
83.267,2.384913138
83.29,1.790802917
83.3947,1.88721005
83.4,1.81849731
83.5,1.893809781
83.5,1.925926135
83.5,1.982055641
83.5,2.13124044
83.72,1.887618291
84.1,1.838439402
84.4,2.168382847
84.4845,2.057205179
84.5167,2.57508118
84.9,2.567699993
84.9,2.393970742
84.9144,2.524586645
85.05,2.388632323
85.1,2.365663117
85.1,2.408550887
85.1154,2.365418858
85.12458999,2.354823319
85.4,2.336866302
85.4158,2.333807694
85.6,1.888308776
85.9211,1.962698595
85.93333333,1.87401417
85.9674,2.089598907
86.1379,2.346375019
86.148,2.135139871
86.4005,2.125091244
86.5,1.958713238
86.54,1.900572459
86.73,1.879321841
86.7826,2.064548489
86.8,2.081987548
86.8,2.098141399
86.9,2.057408352
87,1.755098731
87.1211,1.834438756
87.2,1.759955213
87.25451544,1.756725021
87.3,1.744845388
87.4,1.738467545
87.5,1.862964645
87.5809,2.0057659
87.83333333,2.58346547
87.83333333,2.664756045
88.25,5.342754855
88.3,5.999466452
88.3158,5.355656426
88.3211,4.919134496
88.3308,4.667555516
88.4,4.733702243
88.402,4.419585709
88.42,4.082203919
88.54,4.035123923
88.6,3.911648395
88.8,3.74955371
88.82,3.528516889
88.9,2.980264456
88.9127,2.826067112
89.01,2.743868709
89.0534,3.011202873
89.2,2.946790665
89.2,2.873064135
89.2053,2.856818699
89.38444089,1.934364956
89.4,1.923017
89.5,2.181158929
89.5842,2.126816833
89.6,2.178321623
90,2.61990149
90.06,2.144384627
90.1,2.213641005
90.1652,2.281448363
90.21,2.276617935
90.21,2.211530127
90.2318,2.110788657
90.5259,2.554312033
90.7,2.700135627
90.7,2.522122914
90.7842,2.525100428
90.9615,2.500781928
91.3,2.969889161
91.4,2.7959028
91.7,2.415580615
91.73,2.092371538
91.785,2.693626656
91.89,2.587648822
91.961,2.429611309
91.9842,2.971765318
91.9984,3.79747682
92.13634064,3.663629191
92.1478,3.412140008
92.21,3.252727275
92.244,3.132436625
92.6,3.20773807
92.9,3.164915785
93.03,1.691169116
93.2,1.876854477
93.4709,4.445255663
93.5,4.144259955
93.57,3.83855325
93.8846,3.826974465
93.9,3.755131888
94.043,3.598572808
94.0637,3.308547663
94.4,3.168638314
94.5,1.859896851
94.5,1.996763247
94.6,2.092746564
94.6,2.168824338
94.7,2.454809188
94.9434,2.808827357
94.97,2.669798481
94.9962,3.433568586
95.1,3.78604294
95.1,3.61789546
95.2,3.42912722
95.25,3.314241738
95.3,3.204006748
95.50902192,3.180573418
95.8,2.939585724
95.8175,2.73230822
95.8175,2.556745052
95.9,2.933694529
95.9791,2.886260189
96.1,2.248476462
96.2,2.293072298
96.3,2.331871468
96.4159,2.521513398
96.67,2.367494142
96.7,2.391626474
96.8077,2.378534548
96.92,2.175546157
97.1379,2.380309531
97.238,2.319101321
97.3,2.306840316
97.5,2.056597461
97.8884,2.418066386
97.8951,2.186029226
98.1,2.120982412
98.15,2.57580427
98.44,2.616275636
98.4895,3.065175156
98.6,2.993739798
98.663,2.67426774
98.7,2.547908069
98.73,2.352196603
98.85,2.254548429
98.88,2.245866125
99,2.298912352
99.2,1.789889339
99.32,1.678774023
99.3609,1.856898004
99.5,1.60620545
99.715,1.924501331
99.731,2.066804839
99.811,1.931290135
99.867,1.891961135
99.9,1.849025892
100.2,1.806417578
100.28,1.762990419
100.421,1.545465301
100.5,1.605622423
100.664,2.696167351
100.7,2.613715654
100.833,3.00689951
100.89,3.082217095
101.1,3.14156122
101.1666667,3.176731944
101.1666667,3.196500669
101.2,3.170644799
101.268,3.381898506
101.4148542,3.440908565
101.521,4.003097957
101.7,3.086033304
101.726,2.892127055
101.8,2.803274003
101.9,2.726297786
101.96,2.613283824
102,2.549172902
102.1,2.506783082
102.279,2.71178632
102.306,2.744335985
102.36,2.551217612
102.5,2.555290034
102.567,2.162056963
102.6,2.126660645
102.654,2.126962051
102.6822814,2.103142495
102.7,2.148542769
102.8,2.193322196
102.8,2.205991587
102.9,2.156523463
102.991,2.672208802
103.1,2.681914531
103.1,2.619547674
103.4,2.194232043
103.4,2.191398246
103.542,2.403693621
103.6,2.492314039
103.63,2.429946152
103.642,2.306247906
103.778,2.517193169
103.8,2.566916963
103.9,2.592382464
104.1,2.115176583
104.1,2.088930568
104.2,2.116370168
104.2031939,2.116308267
104.3,2.051793074
104.4,2.084272504
104.8,1.826797302
104.8,1.826803759
104.805,2.931806194
104.992,2.973798849
105.024,2.798517786
105.024,2.623737135
105.1,2.690881676
105.1,2.737088509
105.2,2.641346826
105.2,2.580461907
105.2171356,2.589605738
105.3,2.673219299
105.31,2.584292908
105.558,2.542061967
105.8,2.549278153
105.942,1.815915939
105.955,1.718996295
106,1.692238037
106.1,1.750226571
106.1,1.791937749
106.2,1.833239061
106.4845627,1.813767627
106.6,1.946630387
106.7,1.85338548
106.9,1.829192471
106.9,1.828737548
106.99,1.783967091
107.3,1.744274812
107.395,1.890732564
107.473,1.781625327
107.6,1.641608562
107.7519899,1.744561372
107.8,1.685415902
107.8333333,1.564183892
107.8333333,1.800939867
107.893,1.926696828
107.893,2.003999717
108.11,2.119019648
108.288,2.238421703
108.473,2.280790458
108.5,2.277478177
108.592,2.479778883
108.595,2.46053804
108.67,2.479241356
108.7,2.389816269
108.73,2.33866664
109.019417,2.331128798
109.274,2.593776323
109.3,2.381140854
109.389,2.218523791
109.5,2.677811718
109.6,2.396262818
109.6,2.345391429
109.6,2.266425287
109.627,2.166938419
109.795,2.528070899
109.81,2.645902661
109.935,2.656675542
110.3,2.573342831
110.346,2.790328476
110.5,2.505438015
110.883,2.703409786
110.995,2.852359266
111,2.773016666
111.04,2.623829437
111.045,2.623829437
111.3,2.654031958
111.305,2.450040575
111.4,2.005587971
111.419,2.148955485
111.423,2.1500756
111.606,2.010398537
111.66,1.852173625
111.8,1.859994628
111.82,1.740858075
111.956,1.86978519
112.2,1.67024763
112.4,1.713983288
112.492,1.648580025
112.511,2.143373056
112.8,2.593775696
112.8941667,2.867187982
113.028,2.73799477
113.18,2.573568628
113.221,2.477859522
113.35,2.40379783
113.565,1.998177155
113.6,1.906282723
113.6,1.886413841
113.711,2.657221148
114,2.702583966
114.085,11.26948464
114.101,10.51876798
114.2,10.55060363
114.2,9.750052635
114.23,9.756915024
114.23,9.139290677
114.3,8.568676459
114.36,8.522984604
114.4,8.030222496
114.5,7.514450693
114.5,7.06972094
114.638,7.908239246
114.8,7.351592017
114.847,7.924150496
114.94,7.554690768
115.136,2.577515231
115.174,2.732959513
115.281,3.150868648
115.29,3.060261552
115.3,3.117107364
115.3,3.059527902
115.4983333,3.206757705
115.65,3.575304993
115.71,3.711369511
116,2.651993487
116.1,2.499987425
116.174,2.743782414
116.2,2.701188081
116.247,2.809489124
116.599,2.804980251
116.6,2.77183217
116.76,2.255594295
116.783,2.358876651
116.783,2.551600025
117.052,2.510020595
117.269,2.076667974
117.319,2.317785531
117.374,2.364917734
117.4,2.247701933
117.562,2.220857946
117.8,2.101728177
117.856,2.344709296
117.96,2.320147151
117.968,2.338165404
118.392,2.3724978
118.517,2.800411067
118.53,2.486107154
118.6,2.400842724
118.7,2.31888697
118.7,2.253819231
118.8,2.423779598
118.833,2.423779598
118.86,2.062784503
118.929,2.130529985
118.968,1.951807528
119.04,2.018048888
119.13,1.972223696
119.465,2.05354267
119.5,2.087723382
119.6,2.154734958
119.639,2.234159426
119.8,2.166632822
120.001,2.962869664
120.065,2.746900603
120.1,2.57168512
120.16,2.538973099
120.178,2.538973099
120.192,2.485016181
120.27,2.402153302
120.5,2.256563659
120.538,2.932799196
120.6,2.863895867
120.701,2.868392269
120.7066667,2.780309854
120.883,2.798686903
120.9,2.699005251
121.074,2.558899369
121.1,2.554473007
121.1666667,2.516650324
121.1666667,2.325528101
121.35,2.678407275
121.58,1.813984349
121.611,2.5436248
121.856,2.707912897
121.9,2.97187147
122.147,3.864676189
122.189,4.653562947
122.3,4.190612031
122.3,3.888977047
122.395,3.761471599
122.398,3.518137964
122.58,3.485034964
122.767,3.238518959
122.799,3.246433543
122.8,3.083469082
122.81,2.972786864
122.918,2.966792144
122.96,2.768582025
123,2.667896386
123.112,3.149706242
123.115,3.069335308
123.17,2.647036936
123.39,2.694082287
123.437,2.620705844
123.451,2.719822251
123.488,3.017168432
123.6,2.998693355
124.11,3.209042474
124.111,3.20645753
124.132,3.20061211
124.1798452,3.212481649
124.398,3.381223437
124.5,2.711189251
124.5,2.627074456
124.5,2.528976645
124.56,2.435009829
124.561,2.917500719
124.577,2.872528438
124.6,2.895186329
124.6,2.791238732
124.645,2.919642252
124.715,3.027034876
124.8,2.978945634
124.8,2.855631588
124.8,2.826522679
125.0396905,2.776045993
125.189,2.604219391
125.2,2.538086462
125.204,2.929058811
125.26,2.7995157
125.345,2.746043039
125.51,2.930501336
125.6,2.854226712
125.634,3.630443811
125.713,3.537628233
125.734,3.550280253
125.8995357,3.862302074
126.05,3.852759997
126.1,3.686058499
126.1,3.492178543
126.256,3.475481169
126.277,10.13026342
126.472,10.22438536
126.6,10.91821271
126.63,10.19549344
126.7,9.158538031
126.706,18.72749442
126.74,19.72979628
126.795,18.89283981
126.8,17.65754875
126.953,17.72322308
127.06,17.72065498
127.139,19.06329797
127.28,13.47759118
127.329,14.61985034
127.35,13.9701477
127.5,14.27296897
127.5,13.48596378
127.5,12.75110511
127.779,5.486922365
127.8,5.133972968
127.8333333,5.07284847
127.8333333,4.835155379
127.889,4.819399059
127.994,5.228638608
128.03,4.973992163
128.04,4.915728024
128.085,5.121468433
128.117,5.001454488
128.301,5.190639183
128.385,3.434068025
128.396,4.489869915
128.423,4.842264224
128.44,4.829712384
128.4790714,4.679099645
128.54,4.724773486
128.717,4.806383362
128.842,5.510060365
128.9,5.317813812
128.93,5.067378087
129,4.548426151
129.091,4.822424117
129.135,5.29834194
129.135,5.248019737
129.34,5.56297214
129.34,5.650131031
129.35,5.439769753
129.5,4.325130267
129.5,4.424304608
129.502,4.390676653
129.502,4.390676653
129.502,4.27383022
129.517,4.126707293
129.564,4.074074416
129.63,4.181908152
129.652,4.294152225
129.7,4.146473941
129.739,3.940967991
129.839,3.83374806
129.964,5.03124581
130.03,5.273301493
130.1229508,5.129445046
130.258,4.701422078
130.275,4.803309442
130.3,4.696639666
130.35,4.563479808
130.423,4.522633925
130.439,4.385180505
130.587,4.770706352
130.587,4.911936171
130.84,5.587720939
130.85,5.270027271
130.87,5.03991517
130.89,5.253267377
130.899,5.343963099
130.97,4.173857599
131.0928484,3.9953877
131.281,6.089212903
131.282,5.750711469
131.35,6.016276781
131.45,6.494766995
131.468,6.232740813
131.5,6.04712657
131.7108768,6.027539828
131.9328524,6.362459913
132.04,6.981976493
132.1659267,7.114892181
132.2,6.641611047
132.3435072,4.374937571
132.35,4.013626012
132.43,3.820422449
132.43,3.92844346
132.45,3.770264577
132.525,3.937852981
132.58,3.726785433
132.593,4.122113378
132.7,4.101767068
132.724,4.127576638
132.89,4.36266174
132.99,4.643650905
133.1,4.483974827
133.14,4.306522042
133.1991759,4.363102527
133.2,4.354411883
133.232,4.269642495
133.364,4.329884831
133.44,4.609450404
133.51,5.322010946
133.51,5.824508974
133.7221209,5.97909292
133.82,7.701324383
133.86,7.297166944
134.01,7.544420359
134.114,7.13096485
134.167,7.757846059
134.35,9.166943575
134.46,9.798590948
134.4757716,9.474348494
134.5,9.345990493
134.5,9.44881932
134.602,8.235660132
134.63,7.999962129
134.71,7.530221984
134.808,7.620138129
134.84,7.961955929
134.91,8.7893439
134.9225801,8.533960035
134.98,9.856699218
134.996,9.838433231
135.116,9.708143293
135.34,9.714105306
135.54,12.67397982
135.61,13.63033451
135.6768126,13.497796
135.82,14.89235443
135.878,12.08511355
135.88,12.34568032
136.19,11.8005152
136.21,12.36281012
136.371,12.34065635
136.53,13.46882171
136.749,10.38524235
136.755,9.446702353
136.76,8.636200178
136.81,7.990701845
136.94,8.03083294
136.96,9.407694931
137,8.702691434
137.053,8.596053719
137.06,8.500905053
137.1843503,8.093417275
137.37,7.58226583
137.39,8.237821092
137.641,6.507579486
137.65,7.072795213
137.97,7.373096624
138.101,7.287065317
138.21,10.29732415
138.415,7.885934865
138.493,6.806816179
138.496,6.380076192
138.523,5.784852977
138.62,6.156673696
138.88,5.548428083
138.91,5.151660877
138.95,5.290558409
139.32,5.012596929
139.4,5.140372602
139.45,7.329767362
139.5,8.065074921
139.6251256,8.070269698
139.705,11.95054077
139.939,13.04823687
140,15.37396851
140.07,15.57550698
140.149,14.5013126
140.164,13.87204573
140.29,13.29121464
140.5,12.35438754
140.51,13.84541752
140.8,10.66057082
141.01,8.746278358
141.0608758,8.026709206
141.09,7.034241519
141.14,8.499427058
141.1666667,9.11210359
141.381,8.628246438
141.68,7.297628978
142.32,7.177434712
142.824,9.468970735
143.11,6.782670306
143.22,7.178939246
143.5,5.332947995
143.71,4.345893739
143.848,4.204886835
143.929,3.976703104
144.1,3.597255305
144.267,3.675396493
144.59,4.112497605
145.1,5.015145783
145.21,4.138763676
145.39,5.921599704
145.72,10.26568528
145.82,9.992702201
146.17,11.5560706
146.91,0.673698246
147.31,0.978257603
147.508,10.08694811
147.6623529,8.069509683
147.7,6.716850647
147.8333333,8.073224409
147.8333333,18.95571671
148.153,19.16649687
148.585,20.9156664
148.7,25.93167687
149.41,1.873258412
149.5,2.739494496
149.5,2.175546854